/*
 Navicat Premium Data Transfer

 Source Server         : 1iel库存和设备管理
 Source Server Type    : MySQL
 Source Server Version : 50722
 Source Host           : 39.104.139.229
 Source Database       : IEL

 Target Server Type    : MySQL
 Target Server Version : 50722
 File Encoding         : utf-8

 Date: 09/11/2018 10:56:31 AM
*/

SET NAMES utf8mb4;
SET FOREIGN_KEY_CHECKS = 0;

-- ----------------------------
--  Table structure for `iel_admin`
-- ----------------------------
DROP TABLE IF EXISTS `iel_admin`;
CREATE TABLE `iel_admin` (
  `admin_id` int(11) NOT NULL AUTO_INCREMENT COMMENT '管理员id',
  `admin_name` varchar(50) NOT NULL COMMENT '管理员名',
  `password` varchar(50) NOT NULL COMMENT '管理员密码，MD5加密',
  `email` varchar(50) NOT NULL,
  `phone` varchar(20) DEFAULT NULL,
  `question` varchar(100) DEFAULT NULL COMMENT '找回密码问题',
  `answer` varchar(100) DEFAULT NULL COMMENT '找回密码答案',
  `role` int(4) NOT NULL COMMENT '角色0-管理员,1-超级管理员',
  `create_time` datetime NOT NULL COMMENT '创建时间',
  `update_time` datetime NOT NULL COMMENT '最后一次更新时间',
  PRIMARY KEY (`admin_id`),
  UNIQUE KEY `user_name_unique` (`admin_name`) USING BTREE
) ENGINE=InnoDB AUTO_INCREMENT=6 DEFAULT CHARSET=utf8;

-- ----------------------------
--  Records of `iel_admin`
-- ----------------------------
BEGIN;
INSERT INTO `iel_admin` VALUES ('1', 'admin', 'E10ADC3949BA59ABBE56E057F20F883E', '123456789@qq.com', '12345678998', 'question', 'answer', '1', '2018-03-15 10:04:56', '2018-03-15 10:43:43'), ('2', 'admin234', '365B59F3512C3E1D0170AA740C0F82C4', '12345674489@qq.com', '1234567998', 'question', 'answer', '0', '2018-06-20 10:08:22', '2018-07-10 17:05:29'), ('3', 'Indonesia Equipment Line', 'B317C9DEE4312A65B668FD92CA2ED9A9', 'sun.he.cool@163.com', null, null, null, '0', '2018-06-25 12:23:51', '2018-06-25 12:23:51'), ('4', 'admin333', 'E10ADC3949BA59ABBE56E057F20F883E', '11111', null, null, null, '0', '2018-08-20 13:24:51', '2018-08-20 13:24:51'), ('5', 'admin222', 'E10ADC3949BA59ABBE56E057F20F883E', '22222', null, null, null, '0', '2018-08-20 13:25:12', '2018-08-20 13:25:12');
COMMIT;

-- ----------------------------
--  Table structure for `iel_cart`
-- ----------------------------
DROP TABLE IF EXISTS `iel_cart`;
CREATE TABLE `iel_cart` (
  `cart_id` int(11) NOT NULL AUTO_INCREMENT COMMENT '购物车id',
  `admin_id` int(11) NOT NULL COMMENT '用户id',
  `stock_id` int(11) NOT NULL COMMENT '产品id',
  `amount` int(11) NOT NULL COMMENT '数量',
  `checked` int(11) NOT NULL COMMENT '是否被选中（0否，1是）',
  `create_time` datetime NOT NULL COMMENT '创建时间',
  `update_time` datetime NOT NULL COMMENT '最后一次更新时间',
  `cart_price` decimal(20,2) DEFAULT NULL,
  PRIMARY KEY (`cart_id`)
) ENGINE=InnoDB AUTO_INCREMENT=31 DEFAULT CHARSET=utf8;

-- ----------------------------
--  Records of `iel_cart`
-- ----------------------------
BEGIN;
INSERT INTO `iel_cart` VALUES ('29', '2', '103', '1', '1', '2018-09-10 15:22:20', '2018-09-10 15:22:20', '0.00'), ('30', '2', '104', '1', '1', '2018-09-10 15:22:22', '2018-09-10 15:22:22', '0.00');
COMMIT;

-- ----------------------------
--  Table structure for `iel_entry`
-- ----------------------------
DROP TABLE IF EXISTS `iel_entry`;
CREATE TABLE `iel_entry` (
  `id` int(11) NOT NULL AUTO_INCREMENT COMMENT '主键id',
  `entry_no` varchar(200) DEFAULT NULL COMMENT '入库编号',
  `declare_num` varchar(100) DEFAULT NULL COMMENT '报关次数',
  `destination` varchar(200) DEFAULT NULL COMMENT '目的地',
  `status` int(11) DEFAULT NULL COMMENT '状态',
  `inspector` varchar(200) DEFAULT NULL COMMENT '检查员',
  `create_time` datetime DEFAULT NULL COMMENT '创建时间',
  `update_time` datetime DEFAULT NULL COMMENT '更新时间',
  `ship_num` varchar(200) DEFAULT NULL,
  PRIMARY KEY (`id`)
) ENGINE=InnoDB AUTO_INCREMENT=39 DEFAULT CHARSET=utf8;

-- ----------------------------
--  Records of `iel_entry`
-- ----------------------------
BEGIN;
INSERT INTO `iel_entry` VALUES ('32', '1532655824292', 'INLINE 9', 'BAHODOPI ANCHORAGE PORT', '2', null, '2018-07-27 09:43:44', '2018-07-30 16:14:44', 'CHANG XIONG V.CX1803'), ('35', '1533297568146', 'INLINE 14', 'WEDABAY', '1', null, '2018-08-03 19:59:28', '2018-08-31 10:55:57', 'MV.SPRING SHINE/211'), ('36', '1533720122839', 'werfs', 'sfdsf', '2', null, '2018-08-08 17:22:02', '2018-08-08 17:24:59', 'fsdfs'), ('37', '1536234420560', 'INLINE 16', 'BAHODOPI/POSO PORT', '0', null, '2018-09-06 19:47:00', '2018-09-06 19:47:00', 'MV UNIEVER/1812'), ('38', '1536235170218', 'INLINE 15', 'BAHODOPI/POSO PORT', '1', null, '2018-09-06 19:59:30', '2018-09-07 14:12:24', 'MV UNIEVER/1812');
COMMIT;

-- ----------------------------
--  Table structure for `iel_entry_detail`
-- ----------------------------
DROP TABLE IF EXISTS `iel_entry_detail`;
CREATE TABLE `iel_entry_detail` (
  `id` int(11) NOT NULL AUTO_INCREMENT,
  `entry_id` int(11) DEFAULT NULL,
  `customs_clearance` varchar(200) DEFAULT NULL,
  `destination` varchar(200) DEFAULT NULL,
  `package_no` varchar(200) DEFAULT NULL,
  `serial_no` varchar(200) DEFAULT NULL,
  `parts_no` varchar(200) DEFAULT NULL,
  `parts_name` varchar(200) DEFAULT NULL,
  `parts_en_name` varchar(200) DEFAULT NULL,
  `unit` varchar(200) DEFAULT NULL,
  `purchase_num` int(11) DEFAULT NULL,
  `purchase_price` decimal(20,2) DEFAULT NULL,
  `sales_price` decimal(20,2) DEFAULT NULL,
  `device_type` varchar(200) DEFAULT NULL,
  `entry_position` int(11) DEFAULT NULL,
  `inspect_status` int(11) DEFAULT '0' COMMENT '0不对，1对',
  `entry_num` int(11) DEFAULT NULL,
  `create_time` datetime DEFAULT NULL,
  `update_time` datetime DEFAULT NULL,
  `ship_num` varchar(200) DEFAULT NULL,
  `error_descs` varchar(500) DEFAULT NULL,
  PRIMARY KEY (`id`)
) ENGINE=InnoDB AUTO_INCREMENT=3061 DEFAULT CHARSET=utf8;

-- ----------------------------
--  Records of `iel_entry_detail`
-- ----------------------------
BEGIN;
INSERT INTO `iel_entry_detail` VALUES ('2041', '32', 'INLINE 9', 'BAHODOPI', '徐工1#', null, '800104344', 'P838813(P537877)空虑内滤芯', 'air filter inner', 'pc', '30', '0.00', '0.00', 'XE215', '14', '1', null, '2018-07-27 09:43:44', '2018-07-30 16:09:11', 'CHANG XIONG V.CX1803', null), ('2042', '32', 'INLINE 9', 'BAHODOPI', '徐工1#', null, '800104345', 'P812363(P537876)空虑外滤芯', 'air filter outer', 'pc', '30', '0.00', '0.00', 'XE215', '14', '1', null, '2018-07-27 09:43:44', '2018-07-30 16:09:19', 'CHANG XIONG V.CX1803', null), ('2043', '32', 'INLINE 9', 'BAHODOPI', '徐工 2#', null, '800104344', 'P838813(P537877)空虑内滤芯', 'air filter inner', 'pc', '30', '0.00', '0.00', 'XE215', '14', '1', null, '2018-07-27 09:43:44', '2018-07-30 16:09:24', 'CHANG XIONG V.CX1803', null), ('2044', '32', 'INLINE 9', 'BAHODOPI', '徐工 2#', null, '800104345', 'P812363(P537876)空虑外滤芯', 'air filter outer', 'pc', '30', '0.00', '0.00', 'XE215', '14', '1', null, '2018-07-27 09:43:44', '2018-07-30 16:09:34', 'CHANG XIONG V.CX1803', null), ('2045', '32', 'INLINE 9', 'BAHODOPI', '徐工 3#', null, '800107893', 'P552564燃油滤芯', 'fuel filter', 'pc', '60', '0.00', '0.00', 'XE215', '14', '1', null, '2018-07-27 09:43:44', '2018-07-30 16:09:38', 'CHANG XIONG V.CX1803', null), ('2046', '32', 'INLINE 9', 'BAHODOPI', '徐工 3#', null, '800107892', 'P550596机油滤芯', 'oil filter', 'pc', '60', '0.00', '0.00', 'XE215', '14', '1', null, '2018-07-27 09:43:44', '2018-07-30 16:09:43', 'CHANG XIONG V.CX1803', null), ('2047', '32', 'INLINE 9', 'BAHODOPI', '徐工 3#', null, '860149016', 'XCMG-YHL-02010回油滤芯', 'hydrolic filter return', 'pc', '30', '0.00', '0.00', 'XE215', '14', '1', null, '2018-07-27 09:43:44', '2018-07-30 16:09:47', 'CHANG XIONG V.CX1803', null), ('2048', '32', 'INLINE 9', 'BAHODOPI', '徐工 4#', null, '860151969', 'XCMG-XDL-02110先导滤芯', 'pilot filter', 'pc', '15', '0.00', '0.00', 'XE215', '14', '1', null, '2018-07-27 09:43:44', '2018-07-30 16:09:50', 'CHANG XIONG V.CX1803', null), ('2049', '32', 'INLINE 9', 'BAHODOPI', '徐工 4#', null, '800151162', 'A034X086油水分离器滤芯', 'sendimentor', 'pc', '60', '0.00', '0.00', 'XE215', '14', '1', null, '2018-07-27 09:43:44', '2018-07-30 16:10:07', 'CHANG XIONG V.CX1803', null), ('2050', '32', 'INLINE 9', 'BAHODOPI', '徐工 4#', null, '801100336', 'JB/T7940.1-1995 油杯 M10×1', 'oil cup', 'pc', '1500', '0.00', '0.00', 'XE215', '14', '1', null, '2018-07-27 09:43:44', '2018-07-30 16:10:10', 'CHANG XIONG V.CX1803', null), ('2051', '32', 'INLINE 9', 'BAHODOPI', '徐工 4#', null, '860149017', 'XCMG-YXL-02010吸油滤芯', 'hydrolic filter suction', 'pc', '15', '0.00', '0.00', 'XE215', '14', '1', null, '2018-07-27 09:43:44', '2018-07-30 16:10:15', 'CHANG XIONG V.CX1803', null), ('2052', '32', 'INLINE 9', 'BAHODOPI', '徐工 5#', null, '803077452', 'XG21.5-DG斗杆油缸', 'cylinder assy', 'pc', '1', '0.00', '0.00', 'XE215', '14', '1', null, '2018-07-27 09:43:44', '2018-07-30 16:10:19', 'CHANG XIONG V.CX1803', null), ('2053', '32', 'INLINE 9', 'BAHODOPI', '徐工 6#', null, '803077452', 'XG21.5-DG斗杆油缸', 'cylinder assy', 'pc', '1', '0.00', '0.00', 'XE215', '14', '1', null, '2018-07-27 09:43:44', '2018-07-30 16:10:26', 'CHANG XIONG V.CX1803', null), ('2054', '32', 'INLINE 9', 'BAHODOPI', '陕汽 1#', null, 'DZ91189160031', '离合器盖总成', 'Clutch cover assembly', 'pc', '10', '0.00', '0.00', 'Dump truck 6*4', '14', '1', null, '2018-07-27 09:43:44', '2018-07-30 16:10:30', 'CHANG XIONG V.CX1803', null), ('2055', '32', 'INLINE 9', 'BAHODOPI', '陕汽 1#', null, 'DZ91189160032', '离合器从动盘', 'Clutch plate', 'pc', '30', '0.00', '0.00', 'Dump truck 6*4', '14', '1', null, '2018-07-27 09:43:44', '2018-07-30 16:10:35', 'CHANG XIONG V.CX1803', null), ('2056', '32', 'INLINE 9', 'BAHODOPI', '陕汽 2#', null, '81.62450.0052-10', '挡风玻璃', 'windshield', 'pc', '10', '0.00', '0.00', 'Dump truck 6*4', '14', '1', null, '2018-07-27 09:43:44', '2018-07-30 16:10:42', 'CHANG XIONG V.CX1803', null), ('2057', '32', 'INLINE 9', 'BAHODOPI', '宣工 1#', null, '3315843', '柴油滤清器', 'Fuel filter', 'pc', '36', '0.00', '0.00', 'HBXG', '14', '1', null, '2018-07-27 09:43:44', '2018-07-30 16:10:45', 'CHANG XIONG V.CX1803', null), ('2058', '32', 'INLINE 9', 'BAHODOPI', '宣工 1#', null, '3325963', '风扇皮带', 'fan belt', 'pc', '12', '0.00', '0.00', 'HBXG', '14', '1', null, '2018-07-27 09:43:44', '2018-07-30 16:10:49', 'CHANG XIONG V.CX1803', null), ('2059', '32', 'INLINE 9', 'BAHODOPI', '宣工 1#', null, '3889310', '主滤油器', 'filter', 'pc', '18', '0.00', '0.00', 'HBXG', '14', '1', null, '2018-07-27 09:43:44', '2018-07-30 16:11:26', 'CHANG XIONG V.CX1804', null), ('2060', '32', 'INLINE 9', 'BAHODOPI', '宣工 1#', null, '3889311', '旁通滤油器', 'filter', 'pc', '18', '0.00', '0.00', 'HBXG', '14', '1', null, '2018-07-27 09:43:44', '2018-07-30 16:11:30', 'CHANG XIONG V.CX1805', null), ('2061', '32', 'INLINE 9', 'BAHODOPI', '宣工 1#', null, '7T16001YF', '提升油缸修理包', 'lift cylinder kit', 'pc', '12', '0.00', '0.00', 'HBXG', '14', '1', null, '2018-07-27 09:43:44', '2018-07-30 16:11:34', 'CHANG XIONG V.CX1806', null), ('2062', '32', 'INLINE 9', 'BAHODOPI', '宣工 1#', null, 'KLQ1-4200', '空滤内芯', 'air filter inner', 'pc', '6', '0.00', '0.00', 'HBXG', '14', '1', null, '2018-07-27 09:43:44', '2018-07-30 16:11:40', 'CHANG XIONG V.CX1807', null), ('2063', '32', 'INLINE 9', 'BAHODOPI', '宣工 1#', null, 'KLQ1-4300', '空滤外芯', 'air filter outer', 'pc', '6', '0.00', '0.00', 'HBXG', '14', '1', null, '2018-07-27 09:43:44', '2018-07-30 16:11:45', 'CHANG XIONG V.CX1808', null), ('2064', '32', 'INLINE 9', 'BAHODOPI', '宣工 1#', null, '1B01514', '进口滤芯', 'filter', 'pc', '6', '0.00', '0.00', 'HBXG', '14', '1', null, '2018-07-27 09:43:44', '2018-07-30 16:11:51', 'CHANG XIONG V.CX1809', null), ('2065', '32', 'INLINE 9', 'BAHODOPI', '宣工 1#', null, '1B01462', '滤芯组件', 'filter set', 'pc', '6', '0.00', '0.00', 'HBXG', '14', '1', null, '2018-07-27 09:43:44', '2018-07-30 16:11:56', 'CHANG XIONG V.CX1810', null), ('2066', '32', 'INLINE 9', 'BAHODOPI', '宣工 2#', null, '3315843', '柴油滤清器', 'fuel filter', 'pc', '6', '0.00', '0.00', 'HBXG', '14', '1', null, '2018-07-27 09:43:44', '2018-07-30 16:12:03', 'CHANG XIONG V.CX1811', null), ('2067', '32', 'INLINE 9', 'BAHODOPI', '宣工 2#', null, '3325963', '风扇皮带', 'fan belt', 'pc', '2', '0.00', '0.00', 'HBXG', '14', '1', null, '2018-07-27 09:43:44', '2018-07-30 16:12:07', 'CHANG XIONG V.CX1812', null), ('2068', '32', 'INLINE 9', 'BAHODOPI', '宣工 2#', null, '3889310', '主滤油器', 'filter', 'pc', '3', '0.00', '0.00', 'HBXG', '14', '1', null, '2018-07-27 09:43:44', '2018-07-30 16:12:11', 'CHANG XIONG V.CX1813', null), ('2069', '32', 'INLINE 9', 'BAHODOPI', '宣工 2#', null, '3889311', '旁通滤油器', 'filter', 'pc', '3', '0.00', '0.00', 'HBXG', '14', '1', null, '2018-07-27 09:43:44', '2018-07-30 16:12:16', 'CHANG XIONG V.CX1814', null), ('2070', '32', 'INLINE 9', 'BAHODOPI', '宣工 2#', null, '7T16001YF', '提升油缸修理包', 'lifter cylinder kit', 'pc', '2', '0.00', '0.00', 'HBXG', '14', '1', null, '2018-07-27 09:43:44', '2018-07-30 16:12:21', 'CHANG XIONG V.CX1815', null), ('2071', '32', 'INLINE 9', 'BAHODOPI', '宣工 2#', null, 'KLQ1-4200', '空滤内芯', 'air filter inner', 'pc', '1', '0.00', '0.00', 'HBXG', '14', '1', null, '2018-07-27 09:43:44', '2018-07-30 16:12:25', 'CHANG XIONG V.CX1816', null), ('2072', '32', 'INLINE 9', 'BAHODOPI', '宣工 2#', null, 'KLQ1-4300', '空滤外芯', 'air filter outer', 'pc', '1', '0.00', '0.00', 'HBXG', '14', '1', null, '2018-07-27 09:43:44', '2018-07-30 16:12:30', 'CHANG XIONG V.CX1817', null), ('2073', '32', 'INLINE 9', 'BAHODOPI', '宣工 2#', null, '1B01514', '进口滤芯', 'filter', 'pc', '1', '0.00', '0.00', 'HBXG', '14', '1', null, '2018-07-27 09:43:44', '2018-07-30 16:12:33', 'CHANG XIONG V.CX1818', null), ('2074', '32', 'INLINE 9', 'BAHODOPI', '宣工 2#', null, '1B01462', '滤芯组件', 'filter set', 'pc', '1', '0.00', '0.00', 'HBXG', '14', '1', null, '2018-07-27 09:43:44', '2018-07-30 16:12:38', 'CHANG XIONG V.CX1819', null), ('2075', '32', 'INLINE 9', 'BAHODOPI', '宣工3#', null, '0T05047', '链齿', 'chain', 'pc', '5', '0.00', '0.00', 'HBXG', '14', '1', null, '2018-07-27 09:43:44', '2018-07-30 16:12:43', 'CHANG XIONG V.CX1820', null), ('2076', '32', 'INLINE 9', 'BAHODOPI', '宣工3#', null, '0T12304', '单泵', 'pump', 'pc', '1', '0.00', '0.00', 'HBXG', '14', '1', null, '2018-07-27 09:43:44', '2018-07-30 16:12:48', 'CHANG XIONG V.CX1821', null), ('2077', '32', 'INLINE 9', 'BAHODOPI', '宣工3#', null, '0T12302', '双联泵', 'pump', 'pc', '1', '0.00', '0.00', 'HBXG', '14', '1', null, '2018-07-27 09:43:44', '2018-07-30 16:12:53', 'CHANG XIONG V.CX1822', null), ('2078', '32', 'INLINE 9', 'BAHODOPI', '宣工3#', null, '6T13038', '装置泵', 'Device pump', 'pc', '1', '0.00', '0.00', 'HBXG', '14', '1', null, '2018-07-27 09:43:44', '2018-07-30 16:12:57', 'CHANG XIONG V.CX1823', null), ('2079', '32', 'INLINE 9', 'BAHODOPI', '宣工3#', null, '0T16245', '履带板', 'Track shoe', 'pc', '5', '0.00', '0.00', 'HBXG', '14', '1', null, '2018-07-27 09:43:44', '2018-07-30 16:13:03', 'CHANG XIONG V.CX1824', null), ('2080', '32', 'INLINE 9', 'BAHODOPI', '宣工3#', null, '0A23171', '履带螺母', 'Track nut', 'pc', '20', '0.00', '0.00', 'HBXG', '14', '1', null, '2018-07-27 09:43:44', '2018-07-30 16:13:07', 'CHANG XIONG V.CX1825', null), ('2081', '32', 'INLINE 9', 'BAHODOPI', '宣工3#', null, '0T16246', '履带螺栓', 'Track bolts', 'pc', '20', '0.00', '0.00', 'HBXG', '14', '1', null, '2018-07-27 09:43:44', '2018-07-30 16:13:14', 'CHANG XIONG V.CX1826', null), ('2082', '32', 'INLINE 9', 'BAHODOPI', '宣工3#', null, 'SD7NMF', 'O形圈包', 'O-ring package', 'pc', '3', '0.00', '0.00', 'HBXG', '14', '1', null, '2018-07-27 09:43:44', '2018-07-30 16:13:19', 'CHANG XIONG V.CX1827', null), ('2083', '32', 'INLINE 9', 'BAHODOPI', '宣工3#', null, '7T16002YF', '提升油缸修理包', 'Lift cylinder repair kit', 'pc', '10', '0.00', '0.00', 'HBXG', '14', '1', null, '2018-07-27 09:43:44', '2018-07-30 16:13:24', 'CHANG XIONG V.CX1828', null), ('2084', '32', 'INLINE 9', 'BAHODOPI', '宣工3#', null, '0T32251YF', '侧倾油缸修理包', 'Side Cylinder Repair Kit', 'pc', '10', '0.00', '0.00', 'HBXG', '14', '1', null, '2018-07-27 09:43:44', '2018-07-30 16:13:28', 'CHANG XIONG V.CX1829', null), ('2085', '32', 'INLINE 9', 'BAHODOPI', '宣工3#', null, '3V03011', '温度传感器', 'Temperature Sensor', 'pc', '6', '0.00', '0.00', 'HBXG', '14', '1', null, '2018-07-27 09:43:44', '2018-07-30 16:13:31', 'CHANG XIONG V.CX1830', null), ('2086', '32', 'INLINE 9', 'BAHODOPI', '宣工3#', null, '3V03010', '压力传感器', 'Pressure Sensor', 'pc', '6', '0.00', '0.00', 'HBXG', '14', '1', null, '2018-07-27 09:43:44', '2018-07-30 16:13:37', 'CHANG XIONG V.CX1831', null), ('2087', '32', 'INLINE 9', 'BAHODOPI', '宣工3#', null, '5Z09027', '转速传感器', 'Speed', 'pc', '6', '0.00', '0.00', 'HBXG', '14', '1', null, '2018-07-27 09:43:44', '2018-07-30 16:13:41', 'CHANG XIONG V.CX1832', null), ('2088', '32', 'INLINE 9', 'BAHODOPI', '宣工3#', null, '0T75010', '主继电器', 'Main relay', 'pc', '3', '0.00', '0.00', 'HBXG', '14', '1', null, '2018-07-27 09:43:44', '2018-07-30 16:13:45', 'CHANG XIONG V.CX1833', null), ('2089', '32', 'INLINE 9', 'BAHODOPI', '索赔1#', null, '', '后桥中段', '', 'pc', '1', '0.00', '0.00', '', '14', '1', null, '2018-07-27 09:43:44', '2018-07-30 16:13:49', 'CHANG XIONG V.CX1834', null), ('2090', '32', 'INLINE 9', 'BAHODOPI', '索赔1#', null, '', '发电机', '', 'pc', '20', '0.00', '0.00', '', '14', '1', null, '2018-07-27 09:43:44', '2018-07-30 16:13:53', 'CHANG XIONG V.CX1835', null), ('2091', '32', 'INLINE 9', 'BAHODOPI', '索赔1#', null, '', '摇臂总成', '', 'pc', '18', '0.00', '0.00', '', '14', '1', null, '2018-07-27 09:43:44', '2018-07-30 16:14:11', 'CHANG XIONG V.CX1836', null), ('2092', '32', 'INLINE 9', 'BAHODOPI', '索赔1#', null, '', '气门锁夹', '', 'pc', '24', '0.00', '0.00', '', '14', '1', null, '2018-07-27 09:43:44', '2018-07-30 16:14:15', 'CHANG XIONG V.CX1837', null), ('2093', '32', 'INLINE 9', 'BAHODOPI', '索赔1#', null, '', '密封套', '', 'pc', '12', '0.00', '0.00', '', '14', '1', null, '2018-07-27 09:43:44', '2018-07-30 16:14:19', 'CHANG XIONG V.CX1838', null), ('2094', '32', 'INLINE 9', 'BAHODOPI', '索赔1#', null, '', '挺柱', '', 'pc', '12', '0.00', '0.00', '', '14', '1', null, '2018-07-27 09:43:44', '2018-07-30 16:14:22', 'CHANG XIONG V.CX1839', null), ('2095', '32', 'INLINE 9', 'BAHODOPI', '索赔1#', null, '', '差速器', '', 'pc', '1', '0.00', '0.00', '', '14', '1', null, '2018-07-27 09:43:44', '2018-07-30 16:14:27', 'CHANG XIONG V.CX1840', null), ('2096', '32', 'INLINE 9', 'BAHODOPI', '索赔1#', null, '', '举升油缸', '', 'pc', '1', '0.00', '0.00', '', '14', '1', null, '2018-07-27 09:43:44', '2018-07-30 16:14:32', 'CHANG XIONG V.CX1841', null), ('2417', '35', 'INLINE 14', 'WEDABAY', '徐工NO.: 1', null, '272200604', '2BS315A＊倒档行星架总成（备件）', 'M22 bS315A＊ reverse planetary carrier assy', '件', '3', '0.00', '1602.35', 'LW500FN', '14', '1', null, '2018-08-03 19:59:28', '2018-09-05 09:52:51', 'MV.SPRING SHINE/211', null), ('2418', '35', 'INLINE 14', 'WEDABAY', '徐工NO.: 1', null, '803588835', 'ASYZY50144 空调控制开关', 'control switch', '件', '1', '0.00', '98.60', 'LW500FN', null, '0', null, '2018-08-03 19:59:28', '2018-08-31 10:56:02', 'MV.SPRING SHINE/211', null), ('2419', '35', 'INLINE 14', 'WEDABAY', '徐工NO.: 1', null, '803176572', 'XGKL6-10X0.63S 空气滤清器', 'Air filter', '件', '5', '0.00', '63.87', 'LW500FN', null, '0', null, '2018-08-03 19:59:28', '2018-08-03 19:59:28', 'MV.SPRING SHINE/211', null), ('2420', '35', 'INLINE 14', 'WEDABAY', '徐工NO.: 1', null, '251805363', '500FN.3.1 前传动轴总成', '500FN.3.1 drive shaft assy, front', '件', '3', '0.00', '768.66', 'LW500FN', null, '0', null, '2018-08-03 19:59:28', '2018-08-03 19:59:28', 'MV.SPRING SHINE/211', null), ('2421', '35', 'INLINE 14', 'WEDABAY', '徐工NO.: 1', null, '250301680', 'ZL50.2A.1BII.3 后主传动', 'ZL50.2A.1AII.3 main drive, front', '件', '1', '0.00', '3550.86', 'LW500FN', null, '0', null, '2018-08-03 19:59:28', '2018-08-03 19:59:28', 'MV.SPRING SHINE/211', null), ('2422', '35', 'INLINE 14', 'WEDABAY', '徐工NO.: 1', null, '800305568', 'XGYS01-13B 水油冷却器', 'XGSX01-93C water tank', '件', '1', '0.00', '773.89', 'LW500FN', null, '0', null, '2018-08-03 19:59:28', '2018-08-03 19:59:28', 'MV.SPRING SHINE/211', null), ('2423', '35', 'INLINE 14', 'WEDABAY', '徐工NO.: 1', null, '250300297', 'ZL50.2A.1A-2 制动盘', 'ZL50.2A.1A-1 rim nut', '件', '2', '0.00', '616.52', 'LW500FN', null, '0', null, '2018-08-03 19:59:28', '2018-08-03 19:59:28', 'MV.SPRING SHINE/211', null), ('2424', '35', 'INLINE 14', 'WEDABAY', '徐工NO.: 1', null, '250301655', 'ZL50.2A.1A.1B 轮边总成', 'ZL50.2A.1A.3-26 locking nut M33？1.5', '件', '1', '0.00', '4526.82', 'LW500FN', null, '0', null, '2018-08-03 19:59:28', '2018-08-03 19:59:28', 'MV.SPRING SHINE/211', null), ('2425', '35', 'INLINE 14', 'WEDABAY', '徐工NO.: 1', null, '272200133', '2BS315.30.3-11 太阳轮', 'M22 bS315.30.3-11 sun gear', '件', '1', '0.00', '239.79', 'LW500FN', null, '0', null, '2018-08-03 19:59:28', '2018-08-03 19:59:28', 'MV.SPRING SHINE/211', null), ('2426', '35', 'INLINE 14', 'WEDABAY', '徐工NO.: 1', null, '803688412', 'DL125-100CG-L(DL256GD) 低音盆形电喇叭', 'DL125-100CG-HElectrical horn', '件', '2', '0.00', '35.02', 'LW500FN', null, '0', null, '2018-08-03 19:59:28', '2018-08-03 19:59:28', 'MV.SPRING SHINE/211', null), ('2427', '35', 'INLINE 14', 'WEDABAY', '徐工NO.: 1', null, '803589284', 'JK939-Z5GNV 翘板开关组', 'rocker switch gp', '件', '1', '0.00', '64.99', 'LW500FN', null, '0', null, '2018-08-03 19:59:28', '2018-08-03 19:59:28', 'MV.SPRING SHINE/211', null), ('2428', '35', 'INLINE 14', 'WEDABAY', '徐工NO.: 1', null, '803069946', 'XGYG01-042D 转向油缸', 'XGYg 01-042D steering cylinder', '件', '3', '0.00', '1249.36', 'LW500FN', null, '0', null, '2018-08-03 19:59:28', '2018-08-03 19:59:28', 'MV.SPRING SHINE/211', null), ('2429', '35', 'INLINE 14', 'WEDABAY', '徐工NO.: 1', null, '803608668', 'JWL-DK242/24V 起动继电器', 'JWL-DK242/24V start relay', '件', '4', '0.00', '150.15', 'LW500FN', null, '0', null, '2018-08-03 19:59:28', '2018-08-03 19:59:28', 'MV.SPRING SHINE/211', null), ('2430', '35', 'INLINE 14', 'WEDABAY', '徐工NO.: 1', null, '803688413', 'DL125-100CG-H(DL256GD) 高音盆形电喇叭', 'DL125-100CG-HElectrical horn', '件', '2', '0.00', '35.02', 'LW500FN', null, '0', null, '2018-08-03 19:59:28', '2018-08-03 19:59:28', 'MV.SPRING SHINE/211', null), ('2431', '35', 'INLINE 14', 'WEDABAY', '徐工NO.: 1', null, '272200127', '2BS315.30.3-4 一档油缸', 'M22 bS315.30.3-4 1st gear cylinder', '件', '2', '0.00', '430.57', 'LW500FN', null, '0', null, '2018-08-03 19:59:28', '2018-08-03 19:59:28', 'MV.SPRING SHINE/211', null), ('2432', '35', 'INLINE 14', 'WEDABAY', '徐工NO.: 1', null, '860134404', 'QSDJ066前大灯灯泡（4种灯泡）(备件)', 'QSDJ066 headlamp bulb (4-type bulb )', '件', '5', '0.00', '59.39', 'LW500FN', null, '0', null, '2018-08-03 19:59:28', '2018-08-03 19:59:28', 'MV.SPRING SHINE/211', null), ('2433', '35', 'INLINE 14', 'WEDABAY', '徐工NO.: 1', null, '803072581', 'GDF32-00D 分配阀', 'GDF32-00D distribution valve', '件', '2', '0.00', '1917.18', 'LW500FN', null, '0', null, '2018-08-03 19:59:28', '2018-08-03 19:59:28', 'MV.SPRING SHINE/211', null), ('2434', '35', 'INLINE 14', 'WEDABAY', '徐工NO.: 1', null, '803004037', 'SH380A-3511010 多功能卸荷阀', 'SH380A-3511010 multi-fonction unloading valve', '件', '2', '0.00', '191.61', 'LW500FN', null, '0', null, '2018-08-03 19:59:28', '2018-08-03 19:59:28', 'MV.SPRING SHINE/211', null), ('2435', '35', 'INLINE 14', 'WEDABAY', '徐工NO.: 1', null, '800302360', '2BS315.30.3.1 超越离合器总成=250200137', '430F.1.3 drive shaft, rear', '件', '5', '0.00', '1388.33', 'LW500FN', null, '0', null, '2018-08-03 19:59:28', '2018-08-03 19:59:28', 'MV.SPRING SHINE/211', null), ('2436', '35', 'INLINE 14', 'WEDABAY', '徐工NO.: 1', null, '251805364', '500FN.3.2 后传动轴总成', '500FN.3.2 drive shaft assy, rear', '件', '1', '0.00', '614.93', 'LW500FN', null, '0', null, '2018-08-03 19:59:28', '2018-08-03 19:59:28', 'MV.SPRING SHINE/211', null), ('2437', '35', 'INLINE 14', 'WEDABAY', '徐工NO.: 1', null, '250301679', 'ZL50.2A.1AII.3 前主传动', 'ZL50.2A.1A(II).3.1 input flange group', '件', '1', '0.00', '4706.10', 'LW500FN', null, '0', null, '2018-08-03 19:59:28', '2018-08-03 19:59:28', 'MV.SPRING SHINE/211', null), ('2438', '35', 'INLINE 14', 'WEDABAY', '徐工NO.: 1', null, '800901159', 'XZ50K-3510002 空气加力泵', 'XZ50K-3510002 air boosting pump', '件', '2', '0.00', '346.23', 'LW500FN', null, '0', null, '2018-08-03 19:59:28', '2018-08-03 19:59:28', 'MV.SPRING SHINE/211', null), ('2439', '35', 'INLINE 14', 'WEDABAY', '徐工NO.: 1', null, '803587851', 'QSDJ066-6P 前大灯', 't 0310733 high pressure hose', '件', '1', '0.00', '312.34', 'LW500FN', null, '0', null, '2018-08-03 19:59:28', '2018-08-03 19:59:28', 'MV.SPRING SHINE/211', null), ('2440', '35', 'INLINE 14', 'WEDABAY', '徐工NO.: 1', null, '803545523', 'JYDJ008 工作灯', 'JYDJ006 rear tail combination lamp', '件', '6', '0.00', '84.74', 'LW500FN', null, '0', null, '2018-08-03 19:59:28', '2018-08-03 19:59:28', 'MV.SPRING SHINE/211', null), ('2441', '35', 'INLINE 14', 'WEDABAY', '徐工NO.: 1', null, '272200560', '2BS315.30.4＊ 四轴总成(2)（备件）', 'M22 bS315.30.4＊ 4th shaft assy (2)', '件', '1', '0.00', '3591.42', 'LW500FN', null, '0', null, '2018-08-03 19:59:28', '2018-08-03 19:59:28', 'MV.SPRING SHINE/211', null), ('2442', '35', 'INLINE 14', 'WEDABAY', '徐工NO.: 1', null, '803004322', '2BS315.30.2 变速泵总成', 'M22 bS315.30.2 variable speed pump assy', '件', '1', '0.00', '424.00', 'LW500FN', null, '0', null, '2018-08-03 19:59:28', '2018-08-03 19:59:28', 'MV.SPRING SHINE/211', null), ('2443', '35', 'INLINE 14', 'WEDABAY', '徐工NO.: 1', null, '803004061', 'YXL-F250F-N 优先型流量控制阀', 'YXL-F250F-N priority type flow control valve', '件', '1', '0.00', '309.26', 'LW500FN', null, '0', null, '2018-08-03 19:59:28', '2018-08-03 19:59:28', 'MV.SPRING SHINE/211', null), ('2444', '35', 'INLINE 14', 'WEDABAY', '徐工NO.: 1', null, '803004104', 'CBGJ2080H 转向泵', 'CBGJ2080H steering pump', '件', '1', '0.00', '971.54', 'LW500FN', null, '0', null, '2018-08-03 19:59:28', '2018-08-03 19:59:28', 'MV.SPRING SHINE/211', null), ('2445', '35', 'INLINE 14', 'WEDABAY', '徐工NO.: 2', null, '272200134', '2BS315.30.3-12 倒档内齿圈', 'M22 bS315.30.3-12 inner ring gear, reverse', '件', '2', '0.00', '249.87', 'LW500FN', null, '0', null, '2018-08-03 19:59:28', '2018-08-03 19:59:28', 'MV.SPRING SHINE/211', null), ('2446', '35', 'INLINE 14', 'WEDABAY', '徐工NO.: 2', null, '800901158', 'SLZD-3514002 气制动阀', 'SLZD-3514002 air brake valve', '件', '1', '0.00', '184.56', 'LW500FN', null, '0', null, '2018-08-03 19:59:28', '2018-08-03 19:59:28', 'MV.SPRING SHINE/211', null), ('2447', '35', 'INLINE 14', 'WEDABAY', '徐工NO.: 2', null, '803608667', 'JK428XG 点火开关', 'Igniting switch', '件', '2', '0.00', '84.04', 'LW500FN', null, '0', null, '2018-08-03 19:59:28', '2018-08-03 19:59:28', 'MV.SPRING SHINE/211', null), ('2448', '35', 'INLINE 14', 'WEDABAY', '徐工NO.: 2', null, '800511306', 'GB/T276 轴承 6022', 'GB/T276-1994 bearing 6022', '件', '2', '0.00', '84.04', 'LW500FN', null, '0', null, '2018-08-03 19:59:28', '2018-08-03 19:59:28', 'MV.SPRING SHINE/211', null), ('2449', '35', 'INLINE 14', 'WEDABAY', '徐工NO.: 2', null, '800511327', 'GB/T301 轴承 51111', 'GB/t 301-1995 bearing 51111', '件', '2', '0.00', '12.33', 'LW500FN', null, '0', null, '2018-08-03 19:59:28', '2018-08-03 19:59:28', 'MV.SPRING SHINE/211', null), ('2450', '35', 'INLINE 14', 'WEDABAY', '徐工NO.: 2', null, '803589283', 'JK939-Z5GNV(I) 翘板开关组', 'Rocker switch group', '件', '1', '0.00', '21.29', 'LW500FN', null, '0', null, '2018-08-03 19:59:28', '2018-08-03 19:59:28', 'MV.SPRING SHINE/211', null), ('2451', '35', 'INLINE 14', 'WEDABAY', '徐工NO.: 2', null, '803682286', 'HFV4/024-1Z1GR 继电器', 'HFV4/024-1Z1GR relay', '件', '7', '0.00', '11.91', 'LW500FN', null, '0', null, '2018-08-03 19:59:28', '2018-08-03 19:59:28', 'MV.SPRING SHINE/211', null), ('2452', '35', 'INLINE 14', 'WEDABAY', '徐工NO.: 2', null, '803590264', 'ASYZY50179车身线束（空调系统）', 'ASYZY50179 body harness (air conditioning system)', '件', '1', '0.00', '147.92', 'LW500FN', null, '0', null, '2018-08-03 19:59:28', '2018-08-03 19:59:28', 'MV.SPRING SHINE/211', null), ('2453', '35', 'INLINE 14', 'WEDABAY', '徐工NO.: 2', null, '252910833', 'DS502A-7 左门锁总成', 'left door lock assembly', '件', '2', '0.00', '54.90', 'LW500FN', null, '0', null, '2018-08-03 19:59:28', '2018-08-03 19:59:28', 'MV.SPRING SHINE/211', null), ('2454', '35', 'INLINE 14', 'WEDABAY', '徐工NO.: 2', null, '251800281', '521F(II).9A.4 制动钳油管II(配肥城)', '521F(II).9A.4 oil pipe II, brake caliper', '件', '2', '0.00', '23.53', 'LW500FN', null, '0', null, '2018-08-03 19:59:28', '2018-08-03 19:59:28', 'MV.SPRING SHINE/211', null), ('2455', '35', 'INLINE 14', 'WEDABAY', '徐工NO.: 2', null, '251804278', '500F(II).5.2A 注油管', '500F(II).5.2A oil filling pipe', '件', '2', '0.00', '14.94', 'LW500FN', null, '0', null, '2018-08-03 19:59:28', '2018-08-03 19:59:28', 'MV.SPRING SHINE/211', null), ('2456', '35', 'INLINE 14', 'WEDABAY', '徐工NO.: 2', null, '803078309', 'XGYG01-196 左动臂油缸', 'XGYg 01-196 left boom cylinder', '件', '1', '0.00', '4931.32', 'LW500FN', null, '0', null, '2018-08-03 19:59:28', '2018-08-31 11:16:59', 'MV.SPRING SHINE/211', null), ('2457', '35', 'INLINE 14', 'WEDABAY', '徐工NO.: 2', null, '252101812', 'Z5G.8.1II-4A 右边齿', 'Z5G.8.1II-4A side tooth, RH', '件', '5', '0.00', '175.92', 'LW500FN', null, '0', null, '2018-08-03 19:59:28', '2018-08-03 19:59:28', 'MV.SPRING SHINE/211', null), ('2458', '35', 'INLINE 14', 'WEDABAY', '徐工NO.: 2', null, '272200547', '2BS315A＊一档行星架总成（备件）', 'M22 bS315A＊ planetary carrier assy, 1st gear', '件', '3', '0.00', '2061.11', 'LW500FN', null, '0', null, '2018-08-03 19:59:28', '2018-08-03 19:59:28', 'MV.SPRING SHINE/211', null), ('2459', '35', 'INLINE 14', 'WEDABAY', '徐工NO.: 2', null, '803004130', 'SL(XZ)-1129002 油门操纵阀', 'SL(XZ)-1129002 accelerator control valve', '件', '1', '0.00', '82.92', 'LW500FN', null, '0', null, '2018-08-03 19:59:28', '2018-08-03 19:59:28', 'MV.SPRING SHINE/211', null), ('2460', '35', 'INLINE 14', 'WEDABAY', '徐工NO.: 2', null, '803587871', '360 081 032 014 气压传感器', 'XRD3/8-2 water valve switch', '件', '1', '0.00', '284.44', 'LW500FN', null, '0', null, '2018-08-03 19:59:28', '2018-08-03 19:59:28', 'MV.SPRING SHINE/211', null), ('2461', '35', 'INLINE 14', 'WEDABAY', '徐工NO.: 2', null, '803086817', 'ZPAG2X 空气滤芯', 'ZPAG2X filter air', '件', '5', '0.00', '47.45', 'LW500FN', null, '0', null, '2018-08-03 19:59:28', '2018-08-03 19:59:28', 'MV.SPRING SHINE/211', null), ('2462', '35', 'INLINE 14', 'WEDABAY', '徐工NO.: 2', null, '803587848', 'DY202 动力插座', 'socket', '件', '1', '0.00', '22.41', 'LW500FN', null, '0', null, '2018-08-03 19:59:28', '2018-08-03 19:59:28', 'MV.SPRING SHINE/211', null), ('2463', '35', 'INLINE 14', 'WEDABAY', '徐工NO.: 2', null, '803587849', 'JYDJ006-6P 后尾组合灯', 'intuition gearbox pressure gauge', '件', '3', '0.00', '91.04', 'LW500FN', null, '0', null, '2018-08-03 19:59:28', '2018-08-03 19:59:28', 'MV.SPRING SHINE/211', null), ('2464', '35', 'INLINE 14', 'WEDABAY', '徐工NO.: 2', null, '252116664', 'Z5GNV.11.2.2驾驶室线束', 'Z5GNV.11.2.2 cab harness', '件', '1', '0.00', '259.96', 'LW500FN', null, '0', null, '2018-08-03 19:59:28', '2018-08-03 19:59:28', 'MV.SPRING SHINE/211', null), ('2465', '35', 'INLINE 14', 'WEDABAY', '徐工NO.: 2', null, '800511307', 'GB/T276-1994 轴承 6016', 'Bearing', '件', '1', '0.00', '91.95', 'LW500FN', null, '0', null, '2018-08-03 19:59:28', '2018-09-03 10:41:39', 'MV.SPRING SHINE/211', null), ('2466', '35', 'INLINE 14', 'WEDABAY', '徐工NO.: 2', null, '860111667', '机油泵 WD615(备件)AZ1500070021A', 'oil pump WD615', '件', '1', '0.00', '524.39', 'LW500FN', null, '0', null, '2018-08-03 19:59:28', '2018-09-03 10:40:48', 'MV.SPRING SHINE/211', null), ('2467', '35', 'INLINE 14', 'WEDABAY', '徐工NO.: 2', null, '251400314', 'LW541F.5-6 调整垫片', 'LW541F.5-6 adjusting shim', '件', '2', '0.00', '5.60', 'LW500FN', null, '0', null, '2018-08-03 19:59:28', '2018-08-03 19:59:28', 'MV.SPRING SHINE/211', null), ('2468', '35', 'INLINE 14', 'WEDABAY', '徐工NO.: 2', null, '269900193', 'TL002005 调整垫片', 'TL002005 adjusting shim', '件', '8', '0.00', '5.60', 'LW500FN', null, '0', null, '2018-08-03 19:59:28', '2018-08-03 19:59:28', 'MV.SPRING SHINE/211', null), ('2469', '35', 'INLINE 14', 'WEDABAY', '徐工NO.: 2', null, '269900195', 'TL002008 调整垫片', 'TL002008 adjusting shim', '件', '2', '0.00', '10.08', 'LW500FN', null, '0', null, '2018-08-03 19:59:28', '2018-08-03 19:59:28', 'MV.SPRING SHINE/211', null), ('2470', '35', 'INLINE 14', 'WEDABAY', '徐工NO.: 2', null, '252909532', '500KT.7.2.10 翻斗缸后腔钢管', '500KT.7.2.10 steel pipe, rear chamber, dump-bucket cylinder', '件', '1', '0.00', '197.21', 'LW500FN', null, '0', null, '2018-08-03 19:59:28', '2018-08-03 19:59:28', 'MV.SPRING SHINE/211', null), ('2471', '35', 'INLINE 14', 'WEDABAY', '徐工NO.: 2', null, '252101811', 'Z5G.8.1II-3A 左边齿', 'Z5G.8.1II-3A side tooth, LH', '件', '5', '0.00', '175.92', 'LW500FN', null, '0', null, '2018-08-03 19:59:28', '2018-08-03 19:59:28', 'MV.SPRING SHINE/211', null), ('2472', '35', 'INLINE 14', 'WEDABAY', '徐工NO.: 2', null, '250301655', 'ZL50.2A.1A.1B 轮边总成', 'ZL50.2A.1A.3-26 locking nut M33？1.5', '件', '1', '0.00', '4526.82', 'LW500FN', null, '0', null, '2018-08-03 19:59:28', '2018-08-03 19:59:28', 'MV.SPRING SHINE/211', null), ('2473', '35', 'INLINE 14', 'WEDABAY', '徐工NO.: 2', null, '272200133', '2BS315.30.3-11 太阳轮', 'M22 bS315.30.3-11 sun gear', '件', '1', '0.00', '239.79', 'LW500FN', null, '0', null, '2018-08-03 19:59:28', '2018-08-03 19:59:28', 'MV.SPRING SHINE/211', null), ('2474', '35', 'INLINE 14', 'WEDABAY', '徐工NO.: 2', null, '252101316', 'TL002003 调整垫片', 'TL002003 adjusting shim', '件', '8', '0.00', '6.72', 'LW500FN', null, '0', null, '2018-08-03 19:59:28', '2018-08-03 19:59:28', 'MV.SPRING SHINE/211', null), ('2475', '35', 'INLINE 14', 'WEDABAY', '徐工NO.: 2', null, '803690708', 'JK939-XF 空调新风翘板开关', 'Become warped plate switch air conditioning', '件', '1', '0.00', '22.41', 'LW500FN', null, '0', null, '2018-08-03 19:59:28', '2018-08-03 19:59:28', 'MV.SPRING SHINE/211', null), ('2476', '35', 'INLINE 14', 'WEDABAY', '徐工NO.: 2', null, '860116585', '万向节500F卡（备件）', 'cardan joint 500F', '件', '2', '0.00', '76.83', 'LW500FN', null, '0', null, '2018-08-03 19:59:28', '2018-08-03 19:59:28', 'MV.SPRING SHINE/211', null), ('2477', '35', 'INLINE 14', 'WEDABAY', '徐工NO.: 2', null, '800511280', 'GB/T297-1994 轴承 32221', 'Bearing', '件', '1', '0.00', '144.54', 'LW500FN', null, '0', null, '2018-08-03 19:59:28', '2018-08-03 19:59:28', 'MV.SPRING SHINE/211', null), ('2478', '35', 'INLINE 14', 'WEDABAY', '徐工NO.: 2', null, '860119766', '612600081294/612600081335H/1000424916滤芯', '612600081294 fuel filter element', '件', '5', '0.00', '106.45', 'LW500FN', null, '0', null, '2018-08-03 19:59:28', '2018-08-03 19:59:28', 'MV.SPRING SHINE/211', null), ('2479', '35', 'INLINE 14', 'WEDABAY', '徐工NO.: 2', null, '860121498', '活塞612600030010(备件)', 'piston 612600030010', '件', '6', '0.00', '145.67', 'LW500FN', null, '0', null, '2018-08-03 19:59:28', '2018-08-03 19:59:28', 'MV.SPRING SHINE/211', null), ('2480', '35', 'INLINE 14', 'WEDABAY', '徐工NO.: 2', null, '803078310', 'XGYG01-197 右动臂油缸', 'XGYg 01-197 right boom cylinder', '件', '1', '0.00', '4931.32', 'LW500FN', null, '0', null, '2018-08-03 19:59:28', '2018-08-03 19:59:28', 'MV.SPRING SHINE/211', null), ('2481', '35', 'INLINE 14', 'WEDABAY', '徐工NO.: 2', null, '252101813', 'Z5G.8.1II-5A 斗齿', 'Z5G.8.1II-5A bucket tooth', '件', '20', '0.00', '123.26', 'LW500FN', null, '0', null, '2018-08-03 19:59:28', '2018-08-03 19:59:28', 'MV.SPRING SHINE/211', null), ('2482', '35', 'INLINE 14', 'WEDABAY', '徐工NO.: 2', null, '251807974', '500FV.11.1.1前车架线束', 'Front frame wire harness', '件', '1', '0.00', '206.17', 'LW500FN', null, '0', null, '2018-08-03 19:59:28', '2018-08-03 19:59:28', 'MV.SPRING SHINE/211', null), ('2483', '35', 'INLINE 14', 'WEDABAY', '徐工NO.: 2', null, '803682279', 'ATS-5A保险丝5A', 'Fuse', '件', '12', '0.00', '1.12', 'LW500FN', null, '0', null, '2018-08-03 19:59:28', '2018-08-03 19:59:28', 'MV.SPRING SHINE/211', null), ('2484', '35', 'INLINE 14', 'WEDABAY', '徐工NO.: 2', null, '860118234', '612600030051活塞环组件(备件)', '612600030051 piston ring gp', '件', '4', '0.00', '385.45', 'LW500FN', null, '0', null, '2018-08-03 19:59:28', '2018-08-03 19:59:28', 'MV.SPRING SHINE/211', null), ('2485', '35', 'INLINE 14', 'WEDABAY', '徐工NO.: 2', null, '800511443', 'GB/T276-1994 轴承 6211', 'Bearing', '件', '1', '0.00', '102.94', 'LW500FN', null, '0', null, '2018-08-03 19:59:28', '2018-08-03 19:59:28', 'MV.SPRING SHINE/211', null), ('2486', '35', 'INLINE 14', 'WEDABAY', '徐工NO.: 2', null, '250200471', 'XGXL5-10×100 滤油器总成', 'ZL40A.12.9.2 three-way pipe', '件', '5', '0.00', '20.17', 'LW500FN', null, '0', null, '2018-08-03 19:59:28', '2018-08-03 19:59:28', 'MV.SPRING SHINE/211', null), ('2487', '35', 'INLINE 14', 'WEDABAY', '徐工NO.: 2', null, '860134405', 'JYDJ008工作灯灯泡(备件)', 'JYDJ008Working light bulb', '件', '24', '0.00', '15.69', 'LW500FN', null, '0', null, '2018-08-03 19:59:28', '2018-08-03 19:59:28', 'MV.SPRING SHINE/211', null), ('2488', '35', 'INLINE 14', 'WEDABAY', '徐工NO.: 2', null, '800500185', 'GB/T276-1994 轴承 6210', 'Bearing', '件', '2', '0.00', '24.65', 'LW500FN', null, '0', null, '2018-08-03 19:59:28', '2018-08-03 19:59:28', 'MV.SPRING SHINE/211', null), ('2489', '35', 'INLINE 14', 'WEDABAY', '徐工NO.: 2', null, '800500278', 'GB/T297-1994 轴承 32217', 'Bearing', '件', '2', '0.00', '69.47', 'LW500FN', null, '0', null, '2018-08-03 19:59:28', '2018-08-03 19:59:28', 'MV.SPRING SHINE/211', null), ('2490', '35', 'INLINE 14', 'WEDABAY', '徐工NO.: 2', null, '800511274', 'GB/T276 轴承 6010E', 'GB/T276-1994 bearing 6010 E', '件', '4', '0.00', '47.06', 'LW500FN', null, '0', null, '2018-08-03 19:59:28', '2018-08-03 19:59:28', 'MV.SPRING SHINE/211', null), ('2491', '35', 'INLINE 14', 'WEDABAY', '徐工NO.: 2', null, '252903800', '500K.5II-2 安装板', '500K.5II-2 mounting plate', '件', '1', '0.00', '28.01', 'LW500FN', null, '0', null, '2018-08-03 19:59:28', '2018-08-03 19:59:28', 'MV.SPRING SHINE/211', null), ('2492', '35', 'INLINE 14', 'WEDABAY', '徐工NO.: 2', null, '252910838', 'DS520-6 平面锁', 'DS520-6 flat lock', '件', '2', '0.00', '32.49', 'LW500FN', null, '0', null, '2018-08-03 19:59:28', '2018-08-03 19:59:28', 'MV.SPRING SHINE/211', null), ('2493', '35', 'INLINE 14', 'WEDABAY', '徐工NO.: 2', null, '803682282', 'ATS-20A 保险丝20A', 'ATS-20A fuse 20A', '件', '6', '0.00', '1.12', 'LW500FN', null, '0', null, '2018-08-03 19:59:28', '2018-08-03 19:59:28', 'MV.SPRING SHINE/211', null), ('2494', '35', 'INLINE 14', 'WEDABAY', '徐工NO.: 2', null, '251400313', 'LW541F.5-5 调整垫片', 'LW541F.5-5 adjusting shim', '件', '2', '0.00', '6.72', 'LW500FN', null, '0', null, '2018-08-03 19:59:28', '2018-08-03 19:59:28', 'MV.SPRING SHINE/211', null), ('2495', '35', 'INLINE 14', 'WEDABAY', '徐工NO.: 2', null, '860133745', '柴油细滤芯612600081334A/1000442956A(潍柴原厂）', 'Diesel secondary filter element 612600081334A(WD10G220E11)(Weichai original factory )', '件', '10', '0.00', '85.16', 'LW500FN', null, '0', null, '2018-08-03 19:59:28', '2018-08-03 19:59:28', 'MV.SPRING SHINE/211', null), ('2496', '35', 'INLINE 14', 'WEDABAY', '徐工NO.: 2', null, '272200123', '2BS315.30-5 工作泵轴齿轮', 'M22 bS315.30-5 shaft gear, working pump', '件', '1', '0.00', '367.91', 'LW500FN', null, '0', null, '2018-08-03 19:59:28', '2018-08-03 19:59:28', 'MV.SPRING SHINE/211', null), ('2497', '35', 'INLINE 14', 'WEDABAY', '徐工NO.: 2', null, '800500249', 'GB/T276-1994 轴承 6012', 'GB/T276-1994 bearing 6012', '件', '2', '0.00', '51.77', 'LW500FN', null, '0', null, '2018-08-03 19:59:28', '2018-08-03 19:59:28', 'MV.SPRING SHINE/211', null), ('2498', '35', 'INLINE 14', 'WEDABAY', '徐工NO.: 2', null, '252910835', 'DS510C 左碰锁总成', 'DS510C left bumper assembly', '件', '2', '0.00', '27.17', 'LW500FN', null, '0', null, '2018-08-03 19:59:28', '2018-08-03 19:59:28', 'MV.SPRING SHINE/211', null), ('2499', '35', 'INLINE 14', 'WEDABAY', '徐工NO.: 2', null, '252911669', 'DS502B-7 右窗锁总成', 'DS502B-7 right window lock total', '件', '2', '0.00', '22.41', 'LW500FN', null, '0', null, '2018-08-03 19:59:28', '2018-08-03 19:59:28', 'MV.SPRING SHINE/211', null), ('2500', '35', 'INLINE 14', 'WEDABAY', '徐工NO.: 2', null, '803004341', 'XGYG01-137 翻斗油缸', 'XGYg 01-137 bucket cylinder', '件', '1', '0.00', '6149.30', 'LW500FN', null, '0', null, '2018-08-03 19:59:28', '2018-08-03 19:59:28', 'MV.SPRING SHINE/211', null), ('2501', '35', 'INLINE 14', 'WEDABAY', '徐工NO.: 2', null, '803682280', 'ATS-10A 保险丝10A', 'ATS-10A fuse 10A', '件', '26', '0.00', '1.12', 'LW500FN', null, '0', null, '2018-08-03 19:59:28', '2018-08-03 19:59:28', 'MV.SPRING SHINE/211', null), ('2502', '35', 'INLINE 14', 'WEDABAY', '徐工NO.: 2', null, '803682281', 'ATS-15A 保险丝15A', 'ATS-15A fuse 15A', '件', '18', '0.00', '1.12', 'LW500FN', null, '0', null, '2018-08-03 19:59:28', '2018-08-03 19:59:28', 'MV.SPRING SHINE/211', null), ('2503', '35', 'INLINE 14', 'WEDABAY', '徐工NO.: 2', null, '860111699', '机油冷却器芯WD615(配61500010334机油冷却器)', 'cores, oil coolerWD615 (with 61500010334 oil cooler )', '件', '1', '0.00', '298.80', 'LW500FN', null, '0', null, '2018-08-03 19:59:28', '2018-08-03 19:59:28', 'MV.SPRING SHINE/211', null), ('2504', '35', 'INLINE 14', 'WEDABAY', '徐工NO.: 2', null, '860117593', '节温箱总成615G00060016(WD615)(备件)', 'Thermostat assy 615g 00060016 (WD615)', '件', '1', '0.00', '98.60', 'LW500FN', null, '0', null, '2018-08-03 19:59:28', '2018-08-03 19:59:28', 'MV.SPRING SHINE/211', null), ('2505', '35', 'INLINE 14', 'WEDABAY', '徐工NO.: 2', null, '800511345', 'GB/T297 轴承32216=800513686', 'Bearing', '件', '2', '0.00', '71.24', 'LW500FN', null, '0', null, '2018-08-03 19:59:28', '2018-08-03 19:59:28', 'MV.SPRING SHINE/211', null), ('2506', '35', 'INLINE 14', 'WEDABAY', '徐工NO.: 2', null, '252910046', '500KT.7.1.15A转向泵出油管', '500KT. 7.1.15a steering pump tubing', '件', '1', '0.00', '115.04', 'LW500FN', null, '0', null, '2018-08-03 19:59:28', '2018-08-03 19:59:28', 'MV.SPRING SHINE/211', null), ('2507', '35', 'INLINE 14', 'WEDABAY', '徐工NO.: 2', null, '252911971', '500KV.10.2III.3 龙马组合开关', '500KV.10.2III.3 Combination switch', '件', '2', '0.00', '112.05', 'LW500FN', null, '0', null, '2018-08-03 19:59:28', '2018-08-03 19:59:28', 'MV.SPRING SHINE/211', null), ('2508', '35', 'INLINE 14', 'WEDABAY', '徐工NO.: 2', null, '251808937', '500FNV(I).11.2.1仪表盘线束', '500FNV(I).11.2.1 instrument panel wiring harness', '件', '1', '0.00', '741.77', 'LW500FN', null, '0', null, '2018-08-03 19:59:28', '2018-08-03 19:59:28', 'MV.SPRING SHINE/211', null), ('2509', '35', 'INLINE 14', 'WEDABAY', '徐工NO.: 2', null, '251800602', '500F(II).6.3 注油管', '500F(II).6.3 oil filling pipe', '件', '1', '0.00', '23.90', 'LW500FN', null, '0', null, '2018-08-03 19:59:28', '2018-08-03 19:59:28', 'MV.SPRING SHINE/211', null), ('2510', '35', 'INLINE 14', 'WEDABAY', '徐工NO.: 2', null, '269900185', 'TL002001 调整垫片', 'TL002001 adjusting shim', '件', '12', '0.00', '5.60', 'LW500FN', null, '0', null, '2018-08-03 19:59:28', '2018-08-03 19:59:28', 'MV.SPRING SHINE/211', null), ('2511', '35', 'INLINE 14', 'WEDABAY', '徐工NO.: 2', null, '860115233', '制动活塞普通(备件)', 'brake pistion', '件', '16', '0.00', '20.17', 'LW500FN', null, '0', null, '2018-08-03 19:59:28', '2018-08-03 19:59:28', 'MV.SPRING SHINE/211', null), ('2512', '35', 'INLINE 14', 'WEDABAY', '徐工NO.: 2', null, '272200126', '2BS315.30.3-3 一档活塞=272200551', 'M22 bS315.30.3-3 1st gear piston', '件', '4', '0.00', '222.98', 'LW500FN', null, '0', null, '2018-08-03 19:59:28', '2018-08-03 19:59:28', 'MV.SPRING SHINE/211', null), ('2513', '35', 'INLINE 14', 'WEDABAY', '徐工NO.: 2', null, '800511279', 'GB/T297-1994 轴承 31314', 'GB/T297-1994 bearing 31314', '件', '2', '0.00', '88.00', 'LW500FN', null, '0', null, '2018-08-03 19:59:28', '2018-08-03 19:59:28', 'MV.SPRING SHINE/211', null), ('2514', '35', 'INLINE 14', 'WEDABAY', '徐工NO.: 2', null, '803166395', 'YWZ-250 液位计', 'oil pressure pipe 4-C11-1000GW M10？1', '件', '2', '0.00', '76.19', 'LW500FN', null, '0', null, '2018-08-03 19:59:28', '2018-08-03 19:59:28', 'MV.SPRING SHINE/211', null), ('2515', '35', 'INLINE 14', 'WEDABAY', '徐工NO.: 2', null, '252910836', 'DS510B 右定位锁', 'DS510B right location lock', '件', '2', '0.00', '47.48', 'LW500FN', null, '0', null, '2018-08-03 19:59:28', '2018-08-03 19:59:28', 'MV.SPRING SHINE/211', null), ('2516', '35', 'INLINE 14', 'WEDABAY', '徐工NO.: 2', null, '803682373', 'ZHBXS-ZZJ(DELPHI) 组合表线束', 'ZHBXS-ZZJ(DELPHI) wiring harness, combination meter', '件', '1', '0.00', '178.16', 'LW500FN', null, '0', null, '2018-08-03 19:59:28', '2018-08-03 19:59:28', 'MV.SPRING SHINE/211', null), ('2517', '35', 'INLINE 14', 'WEDABAY', '徐工NO.: 2', null, '803690793', 'XGZZJ0723-DP电器集中控制盒', 'fuse box', '件', '1', '0.00', '693.59', 'LW500FN', null, '0', null, '2018-08-03 19:59:28', '2018-08-03 19:59:28', 'MV.SPRING SHINE/211', null), ('2518', '35', 'INLINE 14', 'WEDABAY', '徐工NO.: 2', null, '251808935', '500FNV(I).11.3.1后车架线束', '500FNV(I).11.3.1 rear frame wire harness', '件', '1', '0.00', '617.40', 'LW500FN', null, '0', null, '2018-08-03 19:59:28', '2018-08-03 19:59:28', 'MV.SPRING SHINE/211', null), ('2519', '35', 'INLINE 14', 'WEDABAY', '徐工NO.: 2', null, '860125291', '614060008水泵垫(DHD10G0355)(备件)', '614060008water pump gasket (DHD10g 0355)', '件', '2', '0.00', '3.36', 'LW500FN', null, '0', null, '2018-08-03 19:59:28', '2018-08-03 19:59:28', 'MV.SPRING SHINE/211', null), ('2520', '35', 'INLINE 14', 'WEDABAY', '徐工NO.: 2', null, '860117323', '曲轴前油封61500010037（备件）', 'Front seal, crankshaft 61500010037', '件', '2', '0.00', '34.96', 'LW500FN', null, '0', null, '2018-08-03 19:59:28', '2018-08-03 19:59:28', 'MV.SPRING SHINE/211', null), ('2521', '35', 'INLINE 14', 'WEDABAY', '徐工NO.: 2', null, '860131535', '机油滤座垫片612600070375(备件)', 'seat gasket, oil filter 612600070375', '件', '2', '0.00', '5.27', 'LW500FN', null, '0', null, '2018-08-03 19:59:28', '2018-08-03 19:59:28', 'MV.SPRING SHINE/211', null), ('2522', '35', 'INLINE 14', 'WEDABAY', '徐工NO.: 2', null, '860111761', '气缸盖罩衬垫WD615(614040021)(备件)', 'gasket, cylinder head cover WD615 (614040021)', '件', '6', '0.00', '4.48', 'LW500FN', null, '0', null, '2018-08-03 19:59:28', '2018-08-03 19:59:28', 'MV.SPRING SHINE/211', null), ('2523', '35', 'INLINE 14', 'WEDABAY', '徐工NO.: 3', null, '252900989', 'F481CACF282816-2020 软管总成', 'F481CACF282816-1900 hose assy (=803193046)', '件', '1', '0.00', '229.70', 'LW500FN', null, '0', null, '2018-08-03 19:59:28', '2018-08-03 19:59:28', 'MV.SPRING SHINE/211', null), ('2524', '35', 'INLINE 14', 'WEDABAY', '徐工NO.: 3', null, '860121366', '水泵612600061739(WD615)(备件)', 'water pump 612600061739 (WD615)', '件', '1', '0.00', '677.90', 'LW500FN', null, '0', null, '2018-08-03 19:59:28', '2018-08-03 19:59:28', 'MV.SPRING SHINE/211', null), ('2525', '35', 'INLINE 14', 'WEDABAY', '徐工NO.: 3', null, '250200519', 'ZL40A.13A.1 制动器', 'ZL40A.12.3A air pipe', '件', '1', '0.00', '442.06', 'LW500FN', null, '0', null, '2018-08-03 19:59:28', '2018-08-03 19:59:28', 'MV.SPRING SHINE/211', null), ('2526', '35', 'INLINE 14', 'WEDABAY', '徐工NO.: 3', null, '251807621', '500FN.7A.2.1右动臂联小腔钢管', 'Right arm with small cavity', '件', '1', '0.00', '134.46', 'LW500FN', null, '0', null, '2018-08-03 19:59:28', '2018-08-03 19:59:28', 'MV.SPRING SHINE/211', null), ('2527', '35', 'INLINE 14', 'WEDABAY', '徐工NO.: 3', null, '805238375', 'GB/T6170-2000 螺母 M20 10(达克罗)', 'GB/T6170-2000 nut M20 10(DACROMET)', '件', '45', '0.00', '1.91', 'LW500FN', null, '0', null, '2018-08-03 19:59:28', '2018-08-03 19:59:28', 'MV.SPRING SHINE/211', null), ('2528', '35', 'INLINE 14', 'WEDABAY', '徐工NO.: 3', null, '250202031', 'ZL40.6.5C.2 滤网支架总成', 'ZL40.6.5C.1 oil pan housing', '件', '2', '0.00', '92.70', 'LW500FN', null, '0', null, '2018-08-03 19:59:28', '2018-08-03 19:59:28', 'MV.SPRING SHINE/211', null), ('2529', '35', 'INLINE 14', 'WEDABAY', '徐工NO.: 3', null, '252900988', 'F481CACF282816-1820软管总成', 'F481CACF282816-1701 hose assy', '件', '1', '0.00', '347.36', 'LW500FN', null, '0', null, '2018-08-03 19:59:28', '2018-08-03 19:59:28', 'MV.SPRING SHINE/211', null), ('2530', '35', 'INLINE 14', 'WEDABAY', '徐工NO.: 3', null, '275100154', 'DA1170.3-11 半轴齿轮垫片', 'DA1170.3-11 gasket, half axle gear', '件', '4', '0.00', '15.53', 'LW500FN', null, '0', null, '2018-08-03 19:59:28', '2018-08-03 19:59:28', 'MV.SPRING SHINE/211', null), ('2531', '35', 'INLINE 14', 'WEDABAY', '徐工NO.: 3', null, '275100156', 'DA1170.3-36 半轴齿轮垫片', 'DA1170.3-36 gasket, half axle gear', '件', '4', '0.00', '15.53', 'LW500FN', null, '0', null, '2018-08-03 19:59:28', '2018-08-03 19:59:28', 'MV.SPRING SHINE/211', null), ('2532', '35', 'INLINE 14', 'WEDABAY', '徐工NO.: 3', null, '251806002', 'ZA130-378N0Ph7A44Y 摇臂梁销', '500FN.8.4 girder pin, rocker arm', '件', '1', '0.00', '609.55', 'LW500FN', null, '0', null, '2018-08-03 19:59:28', '2018-08-03 19:59:28', 'MV.SPRING SHINE/211', null), ('2533', '35', 'INLINE 14', 'WEDABAY', '徐工NO.: 3', null, '251901033', 'TL002010 垫片', 'TL002010 gasket', '件', '6', '0.00', '4.48', 'LW500FN', null, '0', null, '2018-08-03 19:59:28', '2018-08-03 19:59:28', 'MV.SPRING SHINE/211', null), ('2534', '35', 'INLINE 14', 'WEDABAY', '徐工NO.: 3', null, '800701137', 'STR-3533002 手动放水阀', 'Handle water drain valve', '件', '5', '0.00', '14.57', 'LW500FN', null, '0', null, '2018-08-03 19:59:28', '2018-08-03 19:59:28', 'MV.SPRING SHINE/211', null), ('2535', '35', 'INLINE 14', 'WEDABAY', '徐工NO.: 3', null, '250200229', 'ZL40A.30-10 密封垫', 'ZL40.6-62 gasket', '件', '4', '0.00', '14.30', 'LW500FN', null, '0', null, '2018-08-03 19:59:28', '2018-08-03 19:59:28', 'MV.SPRING SHINE/211', null), ('2536', '35', 'INLINE 14', 'WEDABAY', '徐工NO.: 3', null, '250202024', 'ZL40.3.200C 低压过滤器', 'ZL40.20.4II socket wrench', '件', '1', '0.00', '187.12', 'LW500FN', null, '0', null, '2018-08-03 19:59:28', '2018-08-03 19:59:28', 'MV.SPRING SHINE/211', null), ('2537', '35', 'INLINE 14', 'WEDABAY', '徐工NO.: 3', null, '250200442', 'ZL40A.30-6 密封垫', 'ZL40A.30-5A end cover', '件', '4', '0.00', '6.53', 'LW500FN', null, '0', null, '2018-08-03 19:59:28', '2018-08-03 19:59:28', 'MV.SPRING SHINE/211', null), ('2538', '35', 'INLINE 14', 'WEDABAY', '徐工NO.: 3', null, '252101750', 'Z5G(X).9.1 压缩机出气管', 'Z5G(X).9.1 compressor air exhaust pipe', '件', '1', '0.00', '199.45', 'LW500FN', null, '0', null, '2018-08-03 19:59:28', '2018-08-03 19:59:28', 'MV.SPRING SHINE/211', null), ('2539', '35', 'INLINE 14', 'WEDABAY', '徐工NO.: 3', null, '250200531', 'ZL40A.30.5-34 倒档一档从动片', 'ZL40A.30.5-11 rectangle sealing ring', '件', '10', '0.00', '30.12', 'LW500FN', null, '0', null, '2018-08-03 19:59:28', '2018-08-03 19:59:28', 'MV.SPRING SHINE/211', null), ('2540', '35', 'INLINE 14', 'WEDABAY', '徐工NO.: 3', null, '803004050', 'HF150 安全阀', 'Safety valve', '件', '3', '0.00', '14.57', 'LW500FN', null, '0', null, '2018-08-03 19:59:28', '2018-08-03 19:59:28', 'MV.SPRING SHINE/211', null), ('2541', '35', 'INLINE 14', 'WEDABAY', '徐工NO.: 3', null, '803589270', 'JS-90015 LED旋转报警灯', 'rotating rotating light', '件', '1', '0.00', '430.27', 'LW500FN', null, '0', null, '2018-08-03 19:59:28', '2018-08-03 19:59:28', 'MV.SPRING SHINE/211', null), ('2542', '35', 'INLINE 14', 'WEDABAY', '徐工NO.: 3', null, '803678437', 'X207774 (Z1/8-0.7BARR-FLM18) 刹车灯开关', 'X207774 (Z1/8-0.7BARR-FLM18) brake lamp switch', '件', '5', '0.00', '109.81', 'LW500FN', null, '0', null, '2018-08-03 19:59:28', '2018-08-03 19:59:28', 'MV.SPRING SHINE/211', null), ('2543', '35', 'INLINE 14', 'WEDABAY', '徐工NO.: 3', null, '803164062', 'FB1235-1976 O型圈130×5.7', 'FB1235-1976 O-ring 130？5.7', '件', '8', '0.00', '3.36', 'LW500FN', null, '0', null, '2018-08-03 19:59:28', '2018-08-03 19:59:28', 'MV.SPRING SHINE/211', null), ('2544', '35', 'INLINE 14', 'WEDABAY', '徐工NO.: 3', null, '251702806', '300FS(GH).15-1 保温水管L=2800', '300Fs (GH).15-1 water pipe with thermal insulation L=2800', '件', '1', '0.00', '57.15', 'LW500FN', null, '0', null, '2018-08-03 19:59:28', '2018-08-03 19:59:28', 'MV.SPRING SHINE/211', null), ('2545', '35', 'INLINE 14', 'WEDABAY', '徐工NO.: 3', null, '252900355', '500K.5-6 上衬套', '500K.5-6 lining, upper', '件', '1', '0.00', '48.18', 'LW500FN', null, '0', null, '2018-08-03 19:59:28', '2018-08-03 19:59:28', 'MV.SPRING SHINE/211', null), ('2546', '35', 'INLINE 14', 'WEDABAY', '徐工NO.: 3', null, '250400158', 'ZL50E.8.7 动臂油缸销', 'ZL50E.9.7 brake cylinder', '件', '2', '0.00', '180.40', 'LW500FN', null, '0', null, '2018-08-03 19:59:28', '2018-08-03 19:59:28', 'MV.SPRING SHINE/211', null), ('2547', '35', 'INLINE 14', 'WEDABAY', '徐工NO.: 3', null, '803544526', 'BFG05E 风扇', 'XGKt 460N-27-2III air conditioning', '件', '2', '0.00', '105.33', 'LW500FN', null, '0', null, '2018-08-03 19:59:28', '2018-08-03 19:59:28', 'MV.SPRING SHINE/211', null), ('2548', '35', 'INLINE 14', 'WEDABAY', '徐工NO.: 3', null, '803164077', 'GB/T9877-2008 唇形密封圈 FB80×100×10', 'Delf-seal packing', '件', '2', '0.00', '13.56', 'LW500FN', null, '0', null, '2018-08-03 19:59:28', '2018-08-03 19:59:28', 'MV.SPRING SHINE/211', null), ('2549', '35', 'INLINE 14', 'WEDABAY', '徐工NO.: 3', null, '251808292', 'F481CUCF222212-810-270软管总成', 'F481cucf2212-810-270 hose assembly', '件', '1', '0.00', '113.17', 'LW500FN', null, '0', null, '2018-08-03 19:59:28', '2018-08-03 19:59:28', 'MV.SPRING SHINE/211', null), ('2550', '35', 'INLINE 14', 'WEDABAY', '徐工NO.: 3', null, '860140913', 'YGDF-32-00D分配阀用主安全阀(25MP)(备件)', 'Main relief valve (25MP) for ygdf-32-00d distribution valve (spare parts)', '件', '1', '0.00', '252.10', 'LW500FN', null, '0', null, '2018-08-03 19:59:28', '2018-08-03 19:59:28', 'MV.SPRING SHINE/211', null), ('2551', '35', 'INLINE 14', 'WEDABAY', '徐工NO.: 3', null, '250200178', 'ZL40.8-11 垫片', 'ZL40.8-1A clamp plate', '件', '2', '0.00', '28.01', 'LW500FN', null, '0', null, '2018-08-03 19:59:28', '2018-08-03 19:59:28', 'MV.SPRING SHINE/211', null), ('2552', '35', 'INLINE 14', 'WEDABAY', '徐工NO.: 3', null, '860125273', '612600061510涨紧轮(1001137966)(备件)', '612600061510 tension pulley (DHD10g 0355)', '件', '1', '0.00', '103.09', 'LW500FN', null, '0', null, '2018-08-03 19:59:28', '2018-08-03 19:59:28', 'MV.SPRING SHINE/211', null), ('2553', '35', 'INLINE 14', 'WEDABAY', '徐工NO.: 3', null, '803546617', 'X208908(PS67-2MRZ-9BAR) 压力开关', 'B19444 gearshift handle', '件', '1', '0.00', '243.15', 'LW500FN', null, '0', null, '2018-08-03 19:59:28', '2018-08-03 19:59:28', 'MV.SPRING SHINE/211', null), ('2554', '35', 'INLINE 14', 'WEDABAY', '徐工NO.: 3', null, '803590350', 'ASYZY60529冷-蒸-1800-弯-180', 'ASYZY60529 cold - steaming -1800- bending -180', '件', '1', '0.00', '94.21', 'LW500FN', null, '0', null, '2018-08-03 19:59:28', '2018-08-03 19:59:28', 'MV.SPRING SHINE/211', null), ('2555', '35', 'INLINE 14', 'WEDABAY', '徐工NO.: 3', null, '250400125', 'ZL50E.1-1 软管 (JB/T8406-2008 胶管 B13×340)', 'ZL50E.1.3 angle coupling', '件', '1', '0.00', '6.72', 'LW500FN', null, '0', null, '2018-08-03 19:59:28', '2018-08-03 19:59:28', 'MV.SPRING SHINE/211', null), ('2556', '35', 'INLINE 14', 'WEDABAY', '徐工NO.: 3', null, '252900306', '500K.10.5 减震器组件', '500K.10.5 Damper gp', '件', '4', '0.00', '66.11', 'LW500FN', null, '0', null, '2018-08-03 19:59:28', '2018-08-03 19:59:28', 'MV.SPRING SHINE/211', null), ('2557', '35', 'INLINE 14', 'WEDABAY', '徐工NO.: 3', null, '252900315', '500K.1-1 发动机出水管', '500K.1-1 water exhaust pipe , engine', '件', '1', '0.00', '80.68', 'LW500FN', null, '0', null, '2018-08-03 19:59:28', '2018-08-03 19:59:28', 'MV.SPRING SHINE/211', null), ('2558', '35', 'INLINE 14', 'WEDABAY', '徐工NO.: 3', null, '250200143', 'ZL40.12.4C 盘式制动器', 'ZL40A.30.1A-11X4 adjusting shim 1.0', '件', '2', '0.00', '478.77', 'LW500FN', null, '0', null, '2018-08-03 19:59:28', '2018-08-03 19:59:28', 'MV.SPRING SHINE/211', null), ('2559', '35', 'INLINE 14', 'WEDABAY', '徐工NO.: 3', null, '250200147', 'ZL40.6.18A 操纵阀', 'distribution valve', '件', '1', '0.00', '598.56', 'LW500FN', null, '0', null, '2018-08-03 19:59:28', '2018-08-03 19:59:28', 'MV.SPRING SHINE/211', null), ('2560', '35', 'INLINE 14', 'WEDABAY', '徐工NO.: 3', null, '860134961', 'XGYG01-196/197油缸密封件(液压件)(备件)', 'XGYg 01-196/197 sealing element, cylinder (hydraulic part)', '件', '3', '0.00', '294.69', 'LW500FN', null, '0', null, '2018-08-03 19:59:28', '2018-08-03 19:59:28', 'MV.SPRING SHINE/211', null), ('2561', '35', 'INLINE 14', 'WEDABAY', '徐工NO.: 3', null, '860133763', '61000070005H/(0818)(潍柴原厂)1000424655A', '61000070005 A oil filter (0818)(Weichai original factory )', '件', '10', '0.00', '51.54', 'LW500FN', null, '0', null, '2018-08-03 19:59:28', '2018-08-03 19:59:28', 'MV.SPRING SHINE/211', null), ('2562', '35', 'INLINE 14', 'WEDABAY', '徐工NO.: 3', null, '801101745', 'CR HMS5 70X95X10 油封', 'CR HMS5 70X95X10 oil seal', '件', '6', '0.00', '50.65', 'LW500FN', null, '0', null, '2018-08-03 19:59:28', '2018-08-03 19:59:28', 'MV.SPRING SHINE/211', null), ('2563', '35', 'INLINE 14', 'WEDABAY', '徐工NO.: 3', null, '803587849', 'JYDJ006-6P 后尾组合灯', 'intuition gearbox pressure gauge', '件', '1', '0.00', '91.04', 'LW500FN', null, '0', null, '2018-08-03 19:59:28', '2018-08-03 19:59:28', 'MV.SPRING SHINE/211', null), ('2564', '35', 'INLINE 14', 'WEDABAY', '徐工NO.: 3', null, '275102044', 'JC-A-4050-07 矩形密封圈', 'JC-A-4050-07 sealing ring', '件', '10', '0.00', '2.36', 'LW500FN', null, '0', null, '2018-08-03 19:59:28', '2018-08-03 19:59:28', 'MV.SPRING SHINE/211', null), ('2565', '35', 'INLINE 14', 'WEDABAY', '徐工NO.: 3', null, '803645894', 'MZJ- 400A/006X 电源总开关', 'MZJ- 400A/006X power master switch', '件', '2', '0.00', '243.15', 'LW500FN', null, '0', null, '2018-08-03 19:59:28', '2018-08-03 19:59:28', 'MV.SPRING SHINE/211', null), ('2566', '35', 'INLINE 14', 'WEDABAY', '徐工NO.: 3', null, '803164214', 'YWZ-127 液位计', 'liquid level meter', '件', '1', '0.00', '35.86', 'LW500FN', null, '0', null, '2018-08-03 19:59:28', '2018-08-03 19:59:28', 'MV.SPRING SHINE/211', null), ('2567', '35', 'INLINE 14', 'WEDABAY', '徐工NO.: 3', null, '251808655', 'LJ134B×1950 变速软轴', 'LJ134B x 1950 variable speed flexible shaft', '件', '2', '0.00', '242.03', 'LW500FN', null, '0', null, '2018-08-03 19:59:28', '2018-08-03 19:59:28', 'MV.SPRING SHINE/211', null), ('2568', '35', 'INLINE 14', 'WEDABAY', '徐工NO.: 3', null, '275100151', 'DA1170.3-34 锥齿轮垫片', 'DA1170.3-34 gasket, bevel gear', '件', '4', '0.00', '6.53', 'LW500FN', null, '0', null, '2018-08-03 19:59:28', '2018-08-03 19:59:28', 'MV.SPRING SHINE/211', null), ('2569', '35', 'INLINE 14', 'WEDABAY', '徐工NO.: 3', null, '252900353', '500K.5-4 下轴承盖', '500K.5-4 bearing cap, lower', '件', '1', '0.00', '101.55', 'LW500FN', null, '0', null, '2018-08-03 19:59:28', '2018-08-03 19:59:28', 'MV.SPRING SHINE/211', null), ('2570', '35', 'INLINE 14', 'WEDABAY', '徐工NO.: 3', null, '252903797', '500K.5II.3 下铰接销', '500K.5II.3 hinged pin, lower', '件', '1', '0.00', '175.92', 'LW500FN', null, '0', null, '2018-08-03 19:59:28', '2018-08-03 19:59:28', 'MV.SPRING SHINE/211', null), ('2571', '35', 'INLINE 14', 'WEDABAY', '徐工NO.: 3', null, '801100116', 'GB/T1235-1976 O形圈 75×3.1', 'GB1235-76 O-ring 75？3.1', '件', '1', '0.00', '2.24', 'LW500FN', null, '0', null, '2018-08-03 19:59:28', '2018-08-03 19:59:28', 'MV.SPRING SHINE/211', null), ('2572', '35', 'INLINE 14', 'WEDABAY', '徐工NO.: 3', null, '400403667', '400403667 左门锁组件', '400403667 door lock gp, LH', '件', '1', '0.00', '59.39', 'LW500FN', null, '0', null, '2018-08-03 19:59:28', '2018-08-03 19:59:28', 'MV.SPRING SHINE/211', null), ('2573', '35', 'INLINE 14', 'WEDABAY', '徐工NO.: 3', null, '251808056', '500FV.7A.2II.1.1翻斗联小腔钢管', '500fv.7a.2ii.1.1 pipe with small cavity connected with bucket', '件', '1', '0.00', '194.97', 'LW500FN', null, '0', null, '2018-08-03 19:59:28', '2018-08-03 19:59:28', 'MV.SPRING SHINE/211', null), ('2574', '35', 'INLINE 14', 'WEDABAY', '徐工NO.: 3', null, '252112094', 'Z5GN.8-3 轴套', 'Z5GN.8-3 tension spring', '件', '4', '0.00', '80.68', 'LW500FN', null, '0', null, '2018-08-03 19:59:28', '2018-08-03 19:59:28', 'MV.SPRING SHINE/211', null), ('2575', '35', 'INLINE 14', 'WEDABAY', '徐工NO.: 3', null, '860115231', '制动片普通(备件)', 'Brake disc', '件', '20', '0.00', '15.01', 'LW500FN', null, '0', null, '2018-08-03 19:59:28', '2018-08-03 19:59:28', 'MV.SPRING SHINE/211', null), ('2576', '35', 'INLINE 14', 'WEDABAY', '徐工NO.: 3', null, '860142945', 'YJSW315-6B-10000涡轮组件', 'Yjsw315-6b-10000 turbine assembly', '件', '1', '0.00', '699.98', 'LW500FN', null, '0', null, '2018-08-03 19:59:28', '2018-08-03 19:59:28', 'MV.SPRING SHINE/211', null), ('2577', '35', 'INLINE 14', 'WEDABAY', '徐工NO.: 3', null, '860125124', '500F(II).03.2 后传动轴万向节(键块式)(备', '500F(II).03.2 cardan joint, rear drive shaft (key block type)(', '件', '2', '0.00', '144.06', 'LW500FN', null, '0', null, '2018-08-03 19:59:28', '2018-08-03 19:59:28', 'MV.SPRING SHINE/211', null), ('2578', '35', 'INLINE 14', 'WEDABAY', '徐工NO.: 3', null, '250200484', 'ZL40.6.8-3A 内外密封圈', 'ZL40.6.5-1 base plate', '件', '4', '0.00', '21.18', 'LW500FN', null, '0', null, '2018-08-03 19:59:28', '2018-08-03 19:59:28', 'MV.SPRING SHINE/211', null), ('2579', '35', 'INLINE 14', 'WEDABAY', '徐工NO.: 3', null, '269900194', 'TL002007 调整垫片', 'TL002007 adjusting shim', '件', '8', '0.00', '8.96', 'LW500FN', null, '0', null, '2018-08-03 19:59:28', '2018-08-03 19:59:28', 'MV.SPRING SHINE/211', null), ('2580', '35', 'INLINE 14', 'WEDABAY', '徐工NO.: 3', null, '251804906', 'FR71A1A1141404-680 软管总成', 'FR71A1A1141404-680 hose assy', '件', '2', '0.00', '51.54', 'LW500FN', null, '0', null, '2018-08-03 19:59:28', '2018-08-03 19:59:28', 'MV.SPRING SHINE/211', null), ('2581', '35', 'INLINE 14', 'WEDABAY', '徐工NO.: 3', null, '803587864', 'JK939-HYG 后雨刮翘板开关', 'Become warped plate switch', '件', '1', '0.00', '12.61', 'LW500FN', null, '0', null, '2018-08-03 19:59:28', '2018-08-03 19:59:28', 'MV.SPRING SHINE/211', null), ('2582', '35', 'INLINE 14', 'WEDABAY', '徐工NO.: 3', null, '275102045', 'JC-A-4050-08 防尘罩(普通)', 'JC-A-4050-08 dust cover', '件', '10', '0.00', '1.79', 'LW500FN', null, '0', null, '2018-08-03 19:59:28', '2018-08-03 19:59:28', 'MV.SPRING SHINE/211', null), ('2583', '35', 'INLINE 14', 'WEDABAY', '徐工NO.: 3', null, '801101722', 'GB/T9877-2008 唇形密封圈 B70×95×10 ACM', 'GB/t 9877-2008 lip shape sealed ring B70？95？10 ACM', '件', '6', '0.00', '15.69', 'LW500FN', null, '0', null, '2018-08-03 19:59:28', '2018-08-03 19:59:28', 'MV.SPRING SHINE/211', null), ('2584', '35', 'INLINE 14', 'WEDABAY', '徐工NO.: 3', null, '803305283', 'JB/T 8406-2008 胶管 B16×850', 'JB/T 8406-2008 hose B16？850', '件', '1', '0.00', '19.05', 'LW500FN', null, '0', null, '2018-08-03 19:59:28', '2018-08-03 19:59:28', 'MV.SPRING SHINE/211', null), ('2585', '35', 'INLINE 14', 'WEDABAY', '徐工NO.: 3', null, '803547477', '323801004002(R1/2)-1 VDO温度传感器（德弛插件）', '323801004002-1(M14？1.5) VDO temperature sensor (plug-in )', '件', '1', '0.00', '179.28', 'LW500FN', null, '0', null, '2018-08-03 19:59:28', '2018-08-03 19:59:28', 'MV.SPRING SHINE/211', null), ('2586', '35', 'INLINE 14', 'WEDABAY', '徐工NO.: 3', null, '803682283', 'TS-25A保险丝25A', 'fuse 25A', '件', '6', '0.00', '1.12', 'LW500FN', null, '0', null, '2018-08-03 19:59:28', '2018-08-03 19:59:28', 'MV.SPRING SHINE/211', null), ('2587', '35', 'INLINE 14', 'WEDABAY', '徐工NO.: 3', null, '802138059', 'XGYG-2231P-K 雨刮器', 'XGYG-2231P-K wiper', '件', '21', '0.00', '239.37', 'LW500FN', null, '0', null, '2018-08-03 19:59:28', '2018-08-03 19:59:28', 'MV.SPRING SHINE/211', null), ('2588', '35', 'INLINE 14', 'WEDABAY', '徐工NO.: 3', null, '275100153', 'DA1170.3-10锥齿轮', 'DA1170.3-10 bevel gear', '件', '2', '0.00', '33.28', 'LW500FN', null, '0', null, '2018-08-03 19:59:28', '2018-08-03 19:59:28', 'MV.SPRING SHINE/211', null), ('2589', '35', 'INLINE 14', 'WEDABAY', '徐工NO.: 3', null, '252112051', 'Z5GN.8-2 轴套', 'Z5GN.8-2 tension spring', '件', '2', '0.00', '105.33', 'LW500FN', null, '0', null, '2018-08-03 19:59:28', '2018-08-03 19:59:28', 'MV.SPRING SHINE/211', null), ('2590', '35', 'INLINE 14', 'WEDABAY', '徐工NO.: 3', null, '251807625', '500FN.7A.2.5左动臂联大腔钢管', 'Left arm steel pipe with large cavity', '件', '1', '0.00', '125.05', 'LW500FN', null, '0', null, '2018-08-03 19:59:28', '2018-08-03 19:59:28', 'MV.SPRING SHINE/211', null), ('2591', '35', 'INLINE 14', 'WEDABAY', '徐工NO.: 3', null, '860140915', 'YGDF-32-00D分配阀用低压过载阀(17MP)(备件)', 'Low pressure overload valve for ygdf-32-00d distribution valve (17MP)(spare parts)', '件', '1', '0.00', '210.11', 'LW500FN', null, '0', null, '2018-08-03 19:59:28', '2018-08-03 19:59:28', 'MV.SPRING SHINE/211', null), ('2592', '35', 'INLINE 14', 'WEDABAY', '徐工NO.: 3', null, '803588828', 'ASYZY41412装载机HVAC总成(蒸发器总成）', 'ASYZY41412 loader HVAC assembly (evaporator assembly)', '件', '1', '0.00', '1990.00', 'LW500FN', null, '0', null, '2018-08-03 19:59:28', '2018-08-03 19:59:28', 'MV.SPRING SHINE/211', null), ('2593', '35', 'INLINE 14', 'WEDABAY', '徐工NO.: 3', null, '803590675', 'EAAH204044 皮带 A17-470', 'EAAH204044 belt', '件', '1', '0.00', '30.25', 'LW500FN', null, '0', null, '2018-08-03 19:59:28', '2018-08-03 19:59:28', 'MV.SPRING SHINE/211', null), ('2594', '35', 'INLINE 14', 'WEDABAY', '徐工NO.: 3', null, '251808023', 'F481CACF222212-590软管总成', 'F481cacf2212-590 hose assembly', '件', '1', '0.00', '61.63', 'LW500FN', null, '0', null, '2018-08-03 19:59:28', '2018-08-03 19:59:28', 'MV.SPRING SHINE/211', null), ('2595', '35', 'INLINE 14', 'WEDABAY', '徐工NO.: 3', null, '252911143', '500KV.15-2保温水管L=3300', '500kv.15-2 insulated water pipe L=3300', '件', '1', '0.00', '66.11', 'LW500FN', null, '0', null, '2018-08-03 19:59:28', '2018-08-03 19:59:28', 'MV.SPRING SHINE/211', null), ('2596', '35', 'INLINE 14', 'WEDABAY', '徐工NO.: 3', null, '860134705', '612600091086熄火电磁阀(备件)', '612600091086/612600180175 flameout solenoid valve', '件', '1', '0.00', '450.69', 'LW500FN', null, '0', null, '2018-08-03 19:59:28', '2018-08-03 19:59:28', 'MV.SPRING SHINE/211', null), ('2597', '35', 'INLINE 14', 'WEDABAY', '徐工NO.: 3', null, '803401142', '234N552-90O形圈75.79×3.53', '234 n552-90 75.79 x 3.53 o-ring', '件', '2', '0.00', '2.24', 'LW500FN', null, '0', null, '2018-08-03 19:59:28', '2018-08-03 19:59:28', 'MV.SPRING SHINE/211', null), ('2598', '35', 'INLINE 14', 'WEDABAY', '徐工NO.: 3', null, '252100390', 'Z5G.8-1 轴套', 'Z5G.8-1 tension spring', '件', '2', '0.00', '38.10', 'LW500FN', null, '0', null, '2018-08-03 19:59:28', '2018-08-03 19:59:28', 'MV.SPRING SHINE/211', null), ('2599', '35', 'INLINE 14', 'WEDABAY', '徐工NO.: 3', null, '252100419', 'ZA80-224K112Qh7A32Y180 销轴', 'Z5G.8.6 pin,cylinder, rocker arm', '件', '1', '0.00', '268.92', 'LW500FN', null, '0', null, '2018-08-03 19:59:28', '2018-08-03 19:59:28', 'MV.SPRING SHINE/211', null), ('2600', '35', 'INLINE 14', 'WEDABAY', '徐工NO.: 3', null, '251400276', 'LW541F.6.1 转向销', 'LW541F.6.1 knuckle pin', '件', '4', '0.00', '52.66', 'LW500FN', null, '0', null, '2018-08-03 19:59:28', '2018-08-03 19:59:28', 'MV.SPRING SHINE/211', null), ('2601', '35', 'INLINE 14', 'WEDABAY', '徐工NO.: 3', null, '860125437', '612600130651空压机(备件)', '612600130651 air compressor', '件', '1', '0.00', '812.36', 'LW500FN', null, '0', null, '2018-08-03 19:59:28', '2018-08-03 19:59:28', 'MV.SPRING SHINE/211', null), ('2602', '35', 'INLINE 14', 'WEDABAY', '徐工NO.: 3', null, '250200526', 'ZL40A.30.1-9 旋转油封', 'ZL40A.30.1-8 oil seal', '件', '4', '0.00', '10.08', 'LW500FN', null, '0', null, '2018-08-03 19:59:28', '2018-08-03 19:59:28', 'MV.SPRING SHINE/211', null), ('2603', '35', 'INLINE 14', 'WEDABAY', '徐工NO.: 3', null, '860142951', '3JSW315-6C-00002 泵轮', '3 jsw315 pump wheel - 6 - c - 00002', '件', '1', '0.00', '428.58', 'LW500FN', null, '0', null, '2018-08-03 19:59:28', '2018-08-03 19:59:28', 'MV.SPRING SHINE/211', null), ('2604', '35', 'INLINE 14', 'WEDABAY', '徐工NO.: 3', null, '803401127', '219N552-90 O形圈32.92×3.53', '219N552-90 O-ring 32.92？3.53', '件', '8', '0.00', '1.12', 'LW500FN', null, '0', null, '2018-08-03 19:59:28', '2018-08-03 19:59:28', 'MV.SPRING SHINE/211', null), ('2605', '35', 'INLINE 14', 'WEDABAY', '徐工NO.: 3', null, '803073807', 'S20A3/2 单向阀', 'S20A3/2 check valve', '件', '1', '0.00', '126.62', 'LW500FN', null, '0', null, '2018-08-03 19:59:28', '2018-08-03 19:59:28', 'MV.SPRING SHINE/211', null), ('2606', '35', 'INLINE 14', 'WEDABAY', '徐工NO.: 3', null, '803678440', 'X207811(R1/8-0.8BARR) 压力开关', 'X207811(R1/8-0.8BARR) pressure switch', '件', '1', '0.00', '105.33', 'LW500FN', null, '0', null, '2018-08-03 19:59:28', '2018-08-03 19:59:28', 'MV.SPRING SHINE/211', null), ('2607', '35', 'INLINE 14', 'WEDABAY', '徐工NO.: 3', null, '250300350', 'ZL50.2A.1B.2-2 从动螺旋齿轮(左)', 'ZL50.2A.1B.2-1 drive spiral gear (RH)', '件', '1', '0.00', '693.93', 'LW500FN', null, '0', null, '2018-08-03 19:59:28', '2018-08-03 19:59:28', 'MV.SPRING SHINE/211', null), ('2608', '35', 'INLINE 14', 'WEDABAY', '徐工NO.: 3', null, '860118504', '612630010015气缸套WD10G220E11(备件)', '612630010015 cylinder liner WD10G220E11', '件', '6', '0.00', '155.75', 'LW500FN', null, '0', null, '2018-08-03 19:59:28', '2018-08-03 19:59:28', 'MV.SPRING SHINE/211', null), ('2609', '35', 'INLINE 14', 'WEDABAY', '徐工NO.: 3', null, '800787655', 'XRD3/8-2 水阀开关（反向）', 'XRD3/8-2 water valve switch (reverse)', '件', '2', '0.00', '54.96', 'LW500FN', null, '0', null, '2018-08-03 19:59:28', '2018-08-03 19:59:28', 'MV.SPRING SHINE/211', null), ('2610', '35', 'INLINE 14', 'WEDABAY', '徐工NO.: 3', null, '252112095', 'Z5GN.8-4 摇臂梁轴套', 'Z5GN.8-4 axle bushing', '件', '2', '0.00', '156.87', 'LW500FN', null, '0', null, '2018-08-03 19:59:28', '2018-08-03 19:59:28', 'MV.SPRING SHINE/211', null), ('2611', '35', 'INLINE 14', 'WEDABAY', '徐工NO.: 3', null, '860140914', 'YGDF-32-00D分配阀用高压过载阀(26MP)(备件)', 'High pressure overload valve for ygdf-32-00d distribution valve (26MP)(spare parts)', '件', '1', '0.00', '210.11', 'LW500FN', null, '0', null, '2018-08-03 19:59:28', '2018-08-03 19:59:28', 'MV.SPRING SHINE/211', null), ('2612', '35', 'INLINE 14', 'WEDABAY', '徐工NO.: 3', null, '802138058', 'XGYG-2230P-K 雨刮器(ZD2530)', 'XGYG-2230P-K wiper', '件', '2', '0.00', '363.88', 'LW500FN', null, '0', null, '2018-08-03 19:59:28', '2018-08-03 19:59:28', 'MV.SPRING SHINE/211', null), ('2613', '35', 'INLINE 14', 'WEDABAY', '徐工NO.: 3', null, '803164085', 'GB/T9877-2008 唇形密封圈 B150×180×15', 'GB/t 9877-2008 lip shape sealed ring B150？180？15', '件', '10', '0.00', '41.42', 'LW500FN', null, '0', null, '2018-08-03 19:59:28', '2018-08-03 19:59:28', 'MV.SPRING SHINE/211', null), ('2614', '35', 'INLINE 14', 'WEDABAY', '徐工NO.: 3', null, '803164086', 'CR HMSA10 油封 FB150×180×15', 'CR HMSA10 oil seal FB150？180？15', '件', '10', '0.00', '27.12', 'LW500FN', null, '0', null, '2018-08-03 19:59:28', '2018-08-03 19:59:28', 'MV.SPRING SHINE/211', null), ('2615', '35', 'INLINE 14', 'WEDABAY', '徐工NO.: 3', null, '803401168', '260N552-90O形圈164.69×3.53', '260 n552-90 164.69 x 3.53 o-ring', '件', '4', '0.00', '6.17', 'LW500FN', null, '0', null, '2018-08-03 19:59:28', '2018-08-03 19:59:28', 'MV.SPRING SHINE/211', null), ('2616', '35', 'INLINE 14', 'WEDABAY', '徐工NO.: 3', null, '803588834', 'ASYZY10004压缩机组件', 'ASYZY10004 compressor assembly', '件', '1', '0.00', '863.92', 'LW500FN', null, '0', null, '2018-08-03 19:59:28', '2018-08-03 19:59:28', 'MV.SPRING SHINE/211', null), ('2617', '35', 'INLINE 14', 'WEDABAY', '徐工NO.: 3', null, '803590707', 'ASYZY60542压-冷-2900-弯-180', 'ASYZY60542 pressure - cold -2900- bend -180', '件', '1', '0.00', '168.10', 'LW500FN', null, '0', null, '2018-08-03 19:59:28', '2018-08-03 19:59:28', 'MV.SPRING SHINE/211', null), ('2618', '35', 'INLINE 14', 'WEDABAY', '徐工NO.: 3', null, '250300136', 'ZL50.8-17 法兰㈡', 'ZL50.8-6 rear knuckle pin C1', '件', '1', '0.00', '63.87', 'LW500FN', null, '0', null, '2018-08-03 19:59:28', '2018-08-03 19:59:28', 'MV.SPRING SHINE/211', null), ('2619', '35', 'INLINE 14', 'WEDABAY', '徐工NO.: 3', null, '250300138', 'ZL50.8-24 下法兰盘', 'ZL50.8-20 bearing, cylinder, luffing jib', '件', '1', '0.00', '50.42', 'LW500FN', null, '0', null, '2018-08-03 19:59:28', '2018-08-03 19:59:28', 'MV.SPRING SHINE/211', null), ('2620', '35', 'INLINE 14', 'WEDABAY', '徐工NO.: 3', null, '251804280', '500F(II).5.4 上转向铰接销', '500F(II).5.4 steering hinged pin, upper', '件', '1', '0.00', '134.46', 'LW500FN', null, '0', null, '2018-08-03 19:59:28', '2018-08-03 19:59:28', 'MV.SPRING SHINE/211', null), ('2621', '35', 'INLINE 14', 'WEDABAY', '徐工NO.: 3', null, '250300349', 'ZL50.2A.1B.2-1 主动螺旋齿轮(右)', 'ZL50.2A.1B.2 main drive, rear', '件', '1', '0.00', '245.28', 'LW500FN', null, '0', null, '2018-08-03 19:59:28', '2018-08-03 19:59:28', 'MV.SPRING SHINE/211', null), ('2622', '35', 'INLINE 14', 'WEDABAY', '徐工NO.: 3', null, '250200290', 'ZL40A.30-11 密封垫', 'ZL40A.30-19 bearing bushing', '件', '4', '0.00', '1.85', 'LW500FN', null, '0', null, '2018-08-03 19:59:28', '2018-08-03 19:59:28', 'MV.SPRING SHINE/211', null);
INSERT INTO `iel_entry_detail` VALUES ('2623', '35', 'INLINE 14', 'WEDABAY', '徐工NO.: 3', null, '250200527', 'ZL40A.30.5.1 倒档一档主动片', 'ZL40A.30.1-9 oil seal', '件', '8', '0.00', '50.01', 'LW500FN', null, '0', null, '2018-08-03 19:59:28', '2018-08-03 19:59:28', 'MV.SPRING SHINE/211', null), ('2624', '35', 'INLINE 14', 'WEDABAY', '徐工NO.: 3', null, '250200528', 'ZL40A.30.5-11 矩形密封圈', 'ZL40A.30.5.1 drive disc, reverse gear', '件', '4', '0.00', '2.36', 'LW500FN', null, '0', null, '2018-08-03 19:59:28', '2018-08-03 19:59:28', 'MV.SPRING SHINE/211', null), ('2625', '35', 'INLINE 14', 'WEDABAY', '徐工NO.: 3', null, '803401130', '222N552-90 O形圈37.69×3.53', '222N552-90 O-ring 37.69？3.53', '件', '10', '0.00', '1.24', 'LW500FN', null, '0', null, '2018-08-03 19:59:28', '2018-08-03 19:59:28', 'MV.SPRING SHINE/211', null), ('2626', '35', 'INLINE 14', 'WEDABAY', '徐工NO.: 3', null, '803401133', '225N552-90 O形圈47.22×3.53', '225N552-90 O-ring 47.22？3.53', '件', '2', '0.00', '1.24', 'LW500FN', null, '0', null, '2018-08-03 19:59:28', '2018-08-03 19:59:28', 'MV.SPRING SHINE/211', null), ('2627', '35', 'INLINE 14', 'WEDABAY', '徐工NO.: 3', null, '860140945', 'GDF32-00D分配阀密封包(备件)', 'Gdf32-00d distribution valve seal package (spare parts)', '件', '1', '0.00', '79.56', 'LW500FN', null, '0', null, '2018-08-03 19:59:28', '2018-08-03 19:59:28', 'MV.SPRING SHINE/211', null), ('2628', '35', 'INLINE 14', 'WEDABAY', '徐工NO.: 3', null, '252101225', 'F481CACF222212-2601 软管总成', 'F481CACF222212-2501 hose assy', '件', '1', '0.00', '150.15', 'LW500FN', null, '0', null, '2018-08-03 19:59:28', '2018-08-03 19:59:28', 'MV.SPRING SHINE/211', null), ('2629', '35', 'INLINE 14', 'WEDABAY', '徐工NO.: 3', null, '251800859', '500F(II).1A.1 减振器组件', '500F(II).1A.1 Damper gp', '件', '1', '0.00', '53.78', 'LW500FN', null, '0', null, '2018-08-03 19:59:28', '2018-08-03 19:59:28', 'MV.SPRING SHINE/211', null), ('2630', '35', 'INLINE 14', 'WEDABAY', '徐工NO.: 3', null, '801701502', 'QD19-510×165×400N-AA 气弹簧', 'QD19-510？165？400N-AA gas spring', '件', '2', '0.00', '44.82', 'LW500FN', null, '0', null, '2018-08-03 19:59:28', '2018-08-03 19:59:28', 'MV.SPRING SHINE/211', null), ('2631', '35', 'INLINE 14', 'WEDABAY', '徐工NO.: 3', null, '803401148', '240N552-90O形圈94.84×3.53', '240 n552-90 94.84 x 3.53 o-ring', '件', '2', '0.00', '2.81', 'LW500FN', null, '0', null, '2018-08-03 19:59:28', '2018-08-03 19:59:28', 'MV.SPRING SHINE/211', null), ('2632', '35', 'INLINE 14', 'WEDABAY', '徐工NO.: 3', null, '803546207', 'XGQS66X 洗涤器总成', 'XGKt 460N-29-2VI air conditioning assy (new dilution air plant)', '件', '1', '0.00', '93.00', 'LW500FN', null, '0', null, '2018-08-03 19:59:28', '2018-08-03 19:59:28', 'MV.SPRING SHINE/211', null), ('2633', '35', 'INLINE 14', 'WEDABAY', '徐工NO.: 3', null, '252112100', 'ZA80-205N0Ph7A32Y 销轴', 'Z5GN.8.3 pin, bucket', '件', '3', '0.00', '168.08', 'LW500FN', null, '0', null, '2018-08-03 19:59:28', '2018-08-03 19:59:28', 'MV.SPRING SHINE/211', null), ('2634', '35', 'INLINE 14', 'WEDABAY', '徐工NO.: 3', null, '860142947', 'YJSW315-6C-00001 导轮', 'Idler pulley YJSW315-6 - c - 00001', '件', '1', '0.00', '112.15', 'LW500FN', null, '0', null, '2018-08-03 19:59:28', '2018-08-03 19:59:28', 'MV.SPRING SHINE/211', null), ('2635', '35', 'INLINE 14', 'WEDABAY', '徐工NO.: 3', null, '252100394', 'Z5G.8-5 O型圈', 'Z5G.8-5 O-ring', '件', '16', '0.00', '5.60', 'LW500FN', null, '0', null, '2018-08-03 19:59:28', '2018-08-03 19:59:28', 'MV.SPRING SHINE/211', null), ('2636', '35', 'INLINE 14', 'WEDABAY', '徐工NO.: 3', null, '275100150', 'DA1170.3-9 锥齿轮垫片', 'DA1170.3-9 gasket, bevel gear', '件', '8', '0.00', '6.53', 'LW500FN', null, '0', null, '2018-08-03 19:59:28', '2018-08-03 19:59:28', 'MV.SPRING SHINE/211', null), ('2637', '35', 'INLINE 14', 'WEDABAY', '徐工NO.: 3', null, '251806143', 'F481CE15281616-680 软管总成', 'F481CE15281616-680 hose assy', '件', '1', '0.00', '168.08', 'LW500FN', null, '0', null, '2018-08-03 19:59:28', '2018-08-03 19:59:28', 'MV.SPRING SHINE/211', null), ('2638', '35', 'INLINE 14', 'WEDABAY', '徐工NO.: 3', null, '250200436', 'ZL40A.30.6-2 输入二级齿轮', 'ZL40A.30.6-1 1st input gear', '件', '1', '0.00', '516.85', 'LW500FN', null, '0', null, '2018-08-03 19:59:28', '2018-08-03 19:59:28', 'MV.SPRING SHINE/211', null), ('2639', '35', 'INLINE 14', 'WEDABAY', '徐工NO.: 3', null, '252000114', 'Z4G.1.2.4.2 加油盖', 'Z4G.1.2.4.2 filler cap', '件', '1', '0.00', '34.74', 'LW500FN', null, '0', null, '2018-08-03 19:59:28', '2018-08-03 19:59:28', 'MV.SPRING SHINE/211', null), ('2640', '35', 'INLINE 14', 'WEDABAY', '徐工NO.: 3', null, '250200538', 'ZL40A.30-8 垫密片', 'ZL40A.30.5-40A camshaft, inner ring', '件', '10', '0.00', '5.18', 'LW500FN', null, '0', null, '2018-08-03 19:59:28', '2018-08-03 19:59:28', 'MV.SPRING SHINE/211', null), ('2641', '35', 'INLINE 14', 'WEDABAY', '徐工NO.: 3', null, '250300320', 'ZL50.2A.1A.3-1 主动螺旋齿轮(左)', 'ZL50.2A.1A.3 main drive, front', '件', '1', '0.00', '225.22', 'LW500FN', null, '0', null, '2018-08-03 19:59:28', '2018-08-03 19:59:28', 'MV.SPRING SHINE/211', null), ('2642', '35', 'INLINE 14', 'WEDABAY', '徐工NO.: 3', null, '251807810', 'ZPAG2005-XC 呼吸阀组件', 'Zpag2005-xc hydraulic tank breathing valve assembly', '件', '1', '0.00', '199.20', 'LW500FN', null, '0', null, '2018-08-03 19:59:28', '2018-08-03 19:59:28', 'MV.SPRING SHINE/211', null), ('2643', '35', 'INLINE 14', 'WEDABAY', '徐工NO.: 3', null, '800788034', 'R1/4 球阀', 'R1/4 ball valve', '件', '1', '0.00', '15.69', 'LW500FN', null, '0', null, '2018-08-03 19:59:28', '2018-08-03 19:59:28', 'MV.SPRING SHINE/211', null), ('2644', '35', 'INLINE 14', 'WEDABAY', '徐工NO.: 3', null, '860125403', 'ZL40.3.200C过滤器滤芯(备件)', 'ZL40.3.200C filter element, filter', '件', '5', '0.00', '70.59', 'LW500FN', null, '0', null, '2018-08-03 19:59:28', '2018-08-03 19:59:28', 'MV.SPRING SHINE/211', null), ('2645', '35', 'INLINE 14', 'WEDABAY', '徐工NO.: 3', null, '860128283', '612600090506发电机(备件)', '612600090506 generator', '件', '1', '0.00', '1056.63', 'LW500FN', null, '0', null, '2018-08-03 19:59:28', '2018-08-03 19:59:28', 'MV.SPRING SHINE/211', null), ('2646', '35', 'INLINE 14', 'WEDABAY', '徐工NO.: 3', null, '251808375', '500FN.7A.2.7A分配阀回油钢管', '500fn.7a.2.7a return oil pipe of distribution valve', '件', '1', '0.00', '192.28', 'LW500FN', null, '0', null, '2018-08-03 19:59:28', '2018-08-03 19:59:28', 'MV.SPRING SHINE/211', null), ('2647', '35', 'INLINE 14', 'WEDABAY', '徐工NO.: 3', null, '803004063', 'CBGJ3100(1151011008) 齿轮泵', 'CBGJ3100 (1151011008) gear pump', '件', '1', '0.00', '1614.84', 'LW500FN', null, '0', null, '2018-08-03 19:59:28', '2018-08-03 19:59:28', 'MV.SPRING SHINE/211', null), ('2648', '35', 'INLINE 14', 'WEDABAY', '徐工NO.: 3', null, '805048814', 'GB/T8-1988 螺栓 M20×70 10.9(达克罗)', 'GB/T8-1988 bolt M20？70 10.9', '件', '20', '0.00', '7.84', 'LW500FN', null, '0', null, '2018-08-03 19:59:28', '2018-08-03 19:59:28', 'MV.SPRING SHINE/211', null), ('2649', '35', 'INLINE 14', 'WEDABAY', '徐工NO.: 3', null, '803164083', 'GB/T9877-2008 唇形密封圈 B100×125×12', 'GB/t 9877-2008 lip shape sealed ring B100？125？12', '件', '2', '0.00', '10.08', 'LW500FN', null, '0', null, '2018-08-03 19:59:28', '2018-08-03 19:59:28', 'MV.SPRING SHINE/211', null), ('2650', '35', 'INLINE 14', 'WEDABAY', '徐工NO.: 3', null, '250200358', 'ZL40.6-63 固定板', 'ZL40.6-55A cylindrical plug', '件', '4', '0.00', '5.18', 'LW500FN', null, '0', null, '2018-08-03 19:59:28', '2018-08-03 19:59:28', 'MV.SPRING SHINE/211', null), ('2651', '35', 'INLINE 14', 'WEDABAY', '徐工NO.: 3', null, '250200456', 'ZL40A.8.3 付车架销', 'ZL40A.30-6 gasket', '件', '2', '0.00', '134.46', 'LW500FN', null, '0', null, '2018-08-03 19:59:28', '2018-08-03 19:59:28', 'MV.SPRING SHINE/211', null), ('2652', '35', 'INLINE 14', 'WEDABAY', '徐工NO.: 3', null, '860111853', '启动机10齿 WD615 612600090340(备件)', 'Starter 10 tooth WD615 612600090340', '件', '1', '0.00', '1165.32', 'LW500FN', null, '0', null, '2018-08-03 19:59:28', '2018-08-03 19:59:28', 'MV.SPRING SHINE/211', null), ('2653', '35', 'INLINE 14', 'WEDABAY', '徐工NO.: 3', null, '252900354', '500K.5-5 上轴承盖', '500K.5-5 bearing cap, upper', '件', '1', '0.00', '114.29', 'LW500FN', null, '0', null, '2018-08-03 19:59:28', '2018-08-03 19:59:28', 'MV.SPRING SHINE/211', null), ('2654', '35', 'INLINE 14', 'WEDABAY', '徐工NO.: 3', null, '251800309', '500F.5.3 动臂缸-车架销', '500F.5.3 frame pin, boom cylinder', '件', '2', '0.00', '208.41', 'LW500FN', null, '0', null, '2018-08-03 19:59:28', '2018-08-03 19:59:28', 'MV.SPRING SHINE/211', null), ('2655', '35', 'INLINE 14', 'WEDABAY', '徐工NO.: 3', null, '252100622', 'Z5G.6.21 转斗缸车架销', 'Z5G.6.21 frame pin, rotating bucket cylinder', '件', '1', '0.00', '209.53', 'LW500FN', null, '0', null, '2018-08-03 19:59:28', '2018-08-03 19:59:28', 'MV.SPRING SHINE/211', null), ('2656', '35', 'INLINE 14', 'WEDABAY', '徐工NO.: 3', null, '250200435', 'ZL40A.30.6-1 输入一级齿轮', 'ZL40A.30.5-17 terminal pad, direct gear', '件', '1', '0.00', '313.11', 'LW500FN', null, '0', null, '2018-08-03 19:59:28', '2018-08-03 19:59:28', 'MV.SPRING SHINE/211', null), ('2657', '35', 'INLINE 14', 'WEDABAY', '徐工NO.: 3', null, '250200480', 'ZL40.6.13-1A 外密封环', 'ZL40.13.2A control flexiable shaft', '件', '6', '0.00', '32.42', 'LW500FN', null, '0', null, '2018-08-03 19:59:28', '2018-08-03 19:59:28', 'MV.SPRING SHINE/211', null), ('2658', '35', 'INLINE 14', 'WEDABAY', '徐工NO.: 3', null, '250200481', 'ZL40.6.15-3A 内密封环', 'ZL40.6.13-1A sealing ring, outer', '件', '4', '0.00', '18.12', 'LW500FN', null, '0', null, '2018-08-03 19:59:28', '2018-08-03 19:59:28', 'MV.SPRING SHINE/211', null), ('2659', '35', 'INLINE 14', 'WEDABAY', '徐工NO.: 3', null, '250200525', 'ZL40A.30.1-8 旋转油封', 'ZL40A.30.1-10 driven disc, 2nd gear', '件', '4', '0.00', '12.33', 'LW500FN', null, '0', null, '2018-08-03 19:59:28', '2018-08-03 19:59:28', 'MV.SPRING SHINE/211', null), ('2660', '35', 'INLINE 14', 'WEDABAY', '徐工NO.: 3', null, '250300340', 'ZL50.2A.1A.3-24 从动螺旋齿轮(右)', 'ZL50.2A.1A.3-23 location pin', '件', '1', '0.00', '681.30', 'LW500FN', null, '0', null, '2018-08-03 19:59:28', '2018-08-03 19:59:28', 'MV.SPRING SHINE/211', null), ('2661', '35', 'INLINE 14', 'WEDABAY', '徐工NO.: 3', null, '803164019', 'JB/T 8406-2008 胶管 B10×670', 'JB/T 8406-2008 hose B10？670', '件', '1', '0.00', '11.21', 'LW500FN', null, '0', null, '2018-08-03 19:59:28', '2018-08-03 19:59:28', 'MV.SPRING SHINE/211', null), ('2662', '35', 'INLINE 14', 'WEDABAY', '徐工NO.: 3', null, '272200578', '2BS315.30.3-1A 倒档活塞', '30.3-1A backward piston', '件', '2', '0.00', '327.19', 'LW500FN', null, '0', null, '2018-08-03 19:59:28', '2018-08-03 19:59:28', 'MV.SPRING SHINE/211', null), ('2663', '35', 'INLINE 14', 'WEDABAY', '徐工NO.: 3', null, '803604579', '34B0087 蓄电池负极开关', '34 b0087 battery negative switch', '件', '1', '0.00', '124.38', 'LW500FN', null, '0', null, '2018-08-03 19:59:28', '2018-08-03 19:59:28', 'MV.SPRING SHINE/211', null), ('2664', '35', 'INLINE 14', 'WEDABAY', '徐工NO.: 3', null, '275100155', 'DA1170.3-35 半轴齿轮垫片', 'DA1170.3-35 gasket, half axle gear', '件', '4', '0.00', '15.53', 'LW500FN', null, '0', null, '2018-08-03 19:59:28', '2018-08-03 19:59:28', 'MV.SPRING SHINE/211', null), ('2665', '35', 'INLINE 14', 'WEDABAY', '徐工NO.: 3', null, '251807623', '500FN.7A.2.2右动臂联大腔钢管', 'Right arm steel pipe with large cavity', '件', '1', '0.00', '130.43', 'LW500FN', null, '0', null, '2018-08-03 19:59:28', '2018-08-03 19:59:28', 'MV.SPRING SHINE/211', null), ('2666', '35', 'INLINE 14', 'WEDABAY', '徐工NO.: 3', null, '275100152', 'DA1170.3-33 锥齿轮垫片', 'DA1170.3-33 gasket, bevel gear', '件', '4', '0.00', '6.53', 'LW500FN', null, '0', null, '2018-08-03 19:59:28', '2018-08-03 19:59:28', 'MV.SPRING SHINE/211', null), ('2667', '35', 'INLINE 14', 'WEDABAY', '徐工NO.: 3', null, '272200151', '2BS315A.30-3 转向泵轴齿轮', 'M22 bS315A.30-3 shaft gear, steering pump', '件', '1', '0.00', '325.66', 'LW500FN', null, '0', null, '2018-08-03 19:59:28', '2018-08-03 19:59:28', 'MV.SPRING SHINE/211', null), ('2668', '35', 'INLINE 14', 'WEDABAY', '徐工NO.: 3', null, '803164329', 'XGHL7-700×10 回油滤清器', 'XGHL7-700？10 oil return oil filter', '件', '5', '0.00', '195.22', 'LW500FN', null, '0', null, '2018-08-03 19:59:28', '2018-08-03 19:59:28', 'MV.SPRING SHINE/211', null), ('2669', '35', 'INLINE 14', 'WEDABAY', '徐工NO.: 3', null, '803401156', '248N552-90O形圈120.24×3.53', '248 n552-90 o-ring 120.24 x 3', '件', '2', '0.00', '3.36', 'LW500FN', null, '0', null, '2018-08-03 19:59:28', '2018-08-03 19:59:28', 'MV.SPRING SHINE/211', null), ('2670', '35', 'INLINE 14', 'WEDABAY', '徐工NO.: 3', null, '252100847', 'Z5G.7.1-16 密封垫', 'Z5G.7.1-16 gasket', '件', '6', '0.00', '5.83', 'LW500FN', null, '0', null, '2018-08-03 19:59:28', '2018-08-03 19:59:28', 'MV.SPRING SHINE/211', null), ('2671', '35', 'INLINE 14', 'WEDABAY', '徐工NO.: 3', null, '251800308', '500F.5.2 动臂-车架销', '500F.5.2 frame pin, luffing jib', '件', '2', '0.00', '330.55', 'LW500FN', null, '0', null, '2018-08-03 19:59:28', '2018-08-03 19:59:28', 'MV.SPRING SHINE/211', null), ('2672', '35', 'INLINE 14', 'WEDABAY', '徐工NO.: 3', null, '250300332', 'ZL50.2A.1A.3-15 半轴齿轮', 'ZL50.2A.1A.3-14 left housing, differential', '件', '2', '0.00', '69.02', 'LW500FN', null, '0', null, '2018-08-03 19:59:28', '2018-08-03 19:59:28', 'MV.SPRING SHINE/211', null), ('2673', '35', 'INLINE 14', 'WEDABAY', '徐工NO.: 3', null, '275101723', 'DA1170B(II).3-4 十字轴', 'DA1170 b(II).3-4 cross shaft', '件', '2', '0.00', '75.07', 'LW500FN', null, '0', null, '2018-08-03 19:59:28', '2018-08-03 19:59:28', 'MV.SPRING SHINE/211', null), ('2674', '35', 'INLINE 14', 'WEDABAY', '徐工NO.: 3', null, '860127835', '612600114993潍柴空滤芯500FN(备件)', '612600114993 Weichai air filter element 500FN', '件', '5', '0.00', '112.05', 'LW500FN', null, '0', null, '2018-08-03 19:59:28', '2018-08-03 19:59:28', 'MV.SPRING SHINE/211', null), ('2675', '35', 'INLINE 14', 'WEDABAY', '徐工NO.: 3', null, '251806004', '500FN.8.5 摇臂拉杆销', '500FN.8.5 drag link pin, rocker arm', '件', '1', '0.00', '156.87', 'LW500FN', null, '0', null, '2018-08-03 19:59:28', '2018-08-03 19:59:28', 'MV.SPRING SHINE/211', null), ('2676', '35', 'INLINE 14', 'WEDABAY', '徐工NO.: 3', null, '250200292', 'ZL40A.30-15 密封垫', 'ZL40A.30-12 gasket', '件', '4', '0.00', '2.59', 'LW500FN', null, '0', null, '2018-08-03 19:59:28', '2018-08-03 19:59:28', 'MV.SPRING SHINE/211', null), ('2677', '35', 'INLINE 14', 'WEDABAY', '徐工NO.: 3', null, '250200493', 'ZL40.8-9A 套', 'ZL40.8-10 b sub-frame', '件', '2', '0.00', '19.05', 'LW500FN', null, '0', null, '2018-08-03 19:59:28', '2018-08-03 19:59:28', 'MV.SPRING SHINE/211', null), ('2678', '35', 'INLINE 14', 'WEDABAY', '徐工NO.: 3', null, '802141471', 'XGYG-2230-K(58)-2 刮片', 'XGYG-2230-K(58)-2 blade', '件', '3', '0.00', '24.26', 'LW500FN', null, '0', null, '2018-08-03 19:59:28', '2018-08-03 19:59:28', 'MV.SPRING SHINE/211', null), ('2679', '35', 'INLINE 14', 'WEDABAY', '徐工NO.: 3', null, '803164070', 'GB/T9877-2008 唇形密封圈 B80×100×10', 'GB/t 9877-2008 lip shape sealed ring B80？100？10', '件', '18', '0.00', '5.60', 'LW500FN', null, '0', null, '2018-08-03 19:59:28', '2018-08-03 19:59:28', 'MV.SPRING SHINE/211', null), ('2680', '35', 'INLINE 14', 'WEDABAY', '徐工NO.: 4', null, '800348930', 'XGSX01-77H散热器总成', 'Xgsx01-77h radiator assembly', '件', '1', '0.00', '4538.77', 'LW500FN', null, '0', null, '2018-08-03 19:59:28', '2018-08-03 19:59:28', 'MV.SPRING SHINE/211', null), ('2681', '36', '1808', 'mor', '徐工1#', null, '800104344', 'P838813(P537877)空虑内滤芯', 'air filter inner', 'pc', '30', '0.00', '2.00', 'XE215', '14', '1', null, '2018-08-08 17:22:02', '2018-08-08 17:24:50', 'F1800W', null), ('2682', '36', '1808', 'mor', '徐工1#', null, '800104345', 'P812363(P537876)空虑外滤芯', 'air filter outer', 'pc', '30', '0.00', '3.00', 'XE215', '14', '1', null, '2018-08-08 17:22:02', '2018-08-08 17:24:55', 'F1800W', null), ('2683', '36', '1808', 'mor', '徐工 2#', null, '800104344', 'P838813(P537877)空虑内滤芯', 'air filter inner', 'pc', '30', '0.00', '5.00', 'XE215', '14', '1', null, '2018-08-08 17:22:02', '2018-08-08 17:24:58', 'F1800W', null), ('2684', '37', 'INLINE 16', 'BAHADOPI', '腾翼灯1#', null, '', '工作灯', 'working lamp', 'pc', '100', '0.00', '0.00', '', null, '0', null, '2018-09-06 19:47:00', '2018-09-06 19:47:00', 'MV UNIEVER/1812', null), ('2685', '38', 'INLINE 15', 'BAHADOPI', '北京恒兴1#', null, '', '刹车片', 'Brake Pad', 'pc', '1000', '0.00', '53460.00', '合力装载机', null, '0', null, '2018-09-06 19:59:30', '2018-09-07 14:12:24', 'MV UNIEVER/1812', null), ('2686', '38', 'INLINE 15', 'BAHADOPI', '北京恒兴1#', null, '', '刹车片', 'Brake Pad', 'pc', '1000', '0.00', '53460.00', '合力装载机', null, '0', null, '2018-09-06 19:59:30', '2018-09-06 19:59:30', 'MV UNIEVER/1812', null), ('2687', '38', 'INLINE 15', 'BAHADOPI', '北京恒兴1#', null, '', '制动器活塞', 'Brake Piston', 'pc', '320', '0.00', '44550.00', '合力装载机', null, '0', null, '2018-09-06 19:59:30', '2018-09-06 19:59:30', 'MV UNIEVER/1812', null), ('2688', '38', 'INLINE 15', 'BAHADOPI', '北京恒兴1#', null, '', '控制器', 'Controller', 'pc', '1', '0.00', '7762500.00', '重汽泵车汕得卡', null, '0', null, '2018-09-06 19:59:30', '2018-09-06 19:59:30', 'MV UNIEVER/1812', null), ('2689', '38', 'INLINE 15', 'BAHADOPI', '腾翼配件1#', null, '81.96121.0056', '挡风玻璃密封条', 'Windshield seal', 'pc', '12', '0.00', '462000.00', '陕汽德龙F2000后八轮', null, '0', null, '2018-09-06 19:59:30', '2018-09-06 19:59:30', 'MV UNIEVER/1812', null), ('2690', '38', 'INLINE 15', 'BAHADOPI', '腾翼配件1#', null, 'DZ911452024001', '后钢板第1片', 'Rear Steel Plate #1st', 'pc', '42', '0.00', '1509200.00', '陕汽德龙F2000后八轮', null, '0', null, '2018-09-06 19:59:30', '2018-09-06 19:59:30', 'MV UNIEVER/1812', null), ('2691', '38', 'INLINE 15', 'BAHADOPI', '腾翼配件1#', null, 'DZ95259532213', '散热器', 'Radiator', 'pc', '2', '0.00', '3622080.00', '陕汽德龙F2000后八轮', null, '0', null, '2018-09-06 19:59:30', '2018-09-06 19:59:30', 'MV UNIEVER/1812', null), ('2692', '38', 'INLINE 15', 'BAHADOPI', '腾翼配件1#', null, 'DZ13241430080', '翻转轴总成', 'Flip Shaft Assembly', 'pc', '6', '0.00', '1946560.00', '陕汽德龙F2000后八轮', null, '0', null, '2018-09-06 19:59:30', '2018-09-06 19:59:30', 'MV UNIEVER/1812', null), ('2693', '38', 'INLINE 15', 'BAHADOPI', '腾翼配件1#', null, '191014520191', '间隔衬套', 'Spacer Bushing', 'pc', '12', '0.00', '169400.00', '陕汽德龙F2000后八轮', null, '0', null, '2018-09-06 19:59:30', '2018-09-06 19:59:30', 'MV UNIEVER/1812', null), ('2694', '38', 'INLINE 15', 'BAHADOPI', '腾翼配件1#', null, 'DZ91189550380', '380升燃油箱', '380 liter fuel tank', 'pc', '2', '0.00', '3311000.00', '陕汽德龙F2000后八轮', null, '0', null, '2018-09-06 19:59:30', '2018-09-06 19:59:30', 'MV UNIEVER/1812', null), ('2695', '38', 'INLINE 15', 'BAHADOPI', '腾翼配件2#', null, 'DZ1640440220', '左后悬置支架', 'Left rear suspension bracket', 'pc', '6', '0.00', '585200.00', '陕汽德龙F2000后八轮', null, '0', null, '2018-09-06 19:59:30', '2018-09-06 19:59:30', 'MV UNIEVER/1812', null), ('2696', '38', 'INLINE 15', 'BAHADOPI', '腾翼配件2#', null, 'DZ1640440225', '右后悬置支架', 'Right rear suspension bracket', 'pc', '6', '0.00', '585200.00', '陕汽德龙F2000后八轮', null, '0', null, '2018-09-06 19:59:30', '2018-09-06 19:59:30', 'MV UNIEVER/1812', null), ('2697', '38', 'INLINE 15', 'BAHADOPI', '腾翼配件2#', null, 'DZ91189550380', '380升燃油箱', '380 liter fuel tank', 'pc', '2', '0.00', '3311000.00', '陕汽德龙F2000后八轮', null, '0', null, '2018-09-06 19:59:30', '2018-09-06 19:59:30', 'MV UNIEVER/1812', null), ('2698', '38', 'INLINE 15', 'BAHADOPI', '腾翼配件2#', null, 'DZ13241440030', '左后悬置支架总成', 'Left rear suspension bracket assembly', 'pc', '6', '0.00', '800800.00', '陕汽德龙F2000后八轮', null, '0', null, '2018-09-06 19:59:30', '2018-09-06 19:59:30', 'MV UNIEVER/1812', null), ('2699', '38', 'INLINE 15', 'BAHADOPI', '腾翼配件2#', null, 'DZ13241440035', '右后悬置支架总成', 'Right rear suspension bracket assembly', 'pc', '6', '0.00', '800800.00', '陕汽德龙F2000后八轮', null, '0', null, '2018-09-06 19:59:30', '2018-09-06 19:59:30', 'MV UNIEVER/1812', null), ('2700', '38', 'INLINE 15', 'BAHADOPI', '腾翼配件2#', null, 'DZ911425024003', '后钢板第3片', 'Rear Steel Plate #3rd', 'pc', '41', '0.00', '1509200.00', '陕汽德龙F2000后八轮', null, '0', null, '2018-09-06 19:59:30', '2018-09-06 19:59:30', 'MV UNIEVER/1812', null), ('2701', '38', 'INLINE 15', 'BAHADOPI', '腾翼配件2#', null, 'DZ9114312072', '传动轴', 'transmission shaft', 'pc', '6', '0.00', '3622080.00', '陕汽德龙F2000后八轮', null, '0', null, '2018-09-06 19:59:30', '2018-09-06 19:59:30', 'MV UNIEVER/1812', null), ('2702', '38', 'INLINE 15', 'BAHADOPI', '腾翼配件3#', null, 'DZ95189724010', '左前照灯（整体式右置车）', 'Left headlight (integral right car)', 'pc', '4', '0.00', '8667120.00', '陕汽德龙F2000后八轮', null, '0', null, '2018-09-06 19:59:30', '2018-09-06 19:59:30', 'MV UNIEVER/1812', null), ('2703', '38', 'INLINE 15', 'BAHADOPI', '腾翼配件3#', null, 'DZ95189724020', '右前照灯总成（整体式右置车）', 'Right headlight assembly (integral right car)', 'pc', '12', '0.00', '26001360.00', '陕汽德龙F2000后八轮', null, '0', null, '2018-09-06 19:59:30', '2018-09-06 19:59:30', 'MV UNIEVER/1812', null), ('2704', '38', 'INLINE 15', 'BAHADOPI', '腾翼配件3#', null, 'DZ910052900801', '后钢板第1片', 'Rear Steel Plate #1st', 'pc', '60', '0.00', '90552000.00', '陕汽德龙F2000后八轮', null, '0', null, '2018-09-06 19:59:30', '2018-09-06 19:59:30', 'MV UNIEVER/1812', null), ('2705', '38', 'INLINE 15', 'BAHADOPI', '腾翼配件3#', null, 'DZ91259525274x', '上推力杆总成衬套', 'Upper thrust rod assembly bushing', 'pc', '18', '0.00', '6375600.00', '陕汽德龙F2000后八轮', null, '0', null, '2018-09-06 19:59:30', '2018-09-06 19:59:30', 'MV UNIEVER/1812', null), ('2706', '38', 'INLINE 15', 'BAHADOPI', '腾翼配件3#', null, 'DZ93189575006', '油门拉线', 'Throttle cable', 'pc', '24', '0.00', '4656960.00', '陕汽德龙F2000后八轮', null, '0', null, '2018-09-06 19:59:30', '2018-09-06 19:59:30', 'MV UNIEVER/1812', null), ('2707', '38', 'INLINE 15', 'BAHADOPI', '腾翼配件4#', null, 'DZ9114312072', '传动轴', 'transmission shaft', 'pc', '6', '0.00', '3622080.00', '陕汽德龙F2000后八轮', null, '0', null, '2018-09-06 19:59:30', '2018-09-06 19:59:30', 'MV UNIEVER/1812', null), ('2708', '38', 'INLINE 15', 'BAHADOPI', '腾翼配件4#', null, 'DZ911452024001', '后钢板第1片', 'Rear Steel Plate #1st', 'pc', '18', '0.00', '1509200.00', '陕汽德龙F2000后八轮', null, '0', null, '2018-09-06 19:59:30', '2018-09-06 19:59:30', 'MV UNIEVER/1812', null), ('2709', '38', 'INLINE 15', 'BAHADOPI', '腾翼配件4#', null, 'DZ911452024003', '后钢板第3片', 'Rear Steel Plate #3rd', 'pc', '19', '0.00', '1509200.00', '陕汽德龙F2000后八轮', null, '0', null, '2018-09-06 19:59:30', '2018-09-06 19:59:30', 'MV UNIEVER/1812', null), ('2710', '38', 'INLINE 15', 'BAHADOPI', '腾翼配件4#', null, 'DZ95189154010', '空调压缩机', 'Air-conditioning compressor', 'pc', '12', '0.00', '2744280.00', '陕汽德龙F2000后八轮', null, '0', null, '2018-09-06 19:59:30', '2018-09-06 19:59:30', 'MV UNIEVER/1812', null), ('2711', '38', 'INLINE 15', 'BAHADOPI', '腾翼配件4#', null, 'DZ91189550380', '380升燃油箱', '380 liter fuel tank', 'pc', '2', '0.00', '3311000.00', '陕汽德龙F2000后八轮', null, '0', null, '2018-09-06 19:59:30', '2018-09-06 19:59:30', 'MV UNIEVER/1812', null), ('2712', '38', 'INLINE 15', 'BAHADOPI', '腾翼配件4#', null, '81.26430.0083', '刮水器臂', 'Wiper arm', 'pc', '24', '0.00', '70840.00', '陕汽德龙F2000后八轮', null, '0', null, '2018-09-06 19:59:30', '2018-09-06 19:59:30', 'MV UNIEVER/1812', null), ('2713', '38', 'INLINE 15', 'BAHADOPI', '腾翼配件4#', null, '81.26440.0038', '刮水器片', 'Wiper blade', 'pc', '96', '0.00', '40040.00', '陕汽德龙F2000后八轮', null, '0', null, '2018-09-06 19:59:30', '2018-09-06 19:59:30', 'MV UNIEVER/1812', null), ('2714', '38', 'INLINE 15', 'BAHADOPI', '腾翼配件4#', null, 'DZ91259525274x', '上推力杆总成衬套', 'Upper thrust rod assembly bushing', 'pc', '36', '0.00', '354200.00', '陕汽德龙F2000后八轮', null, '0', null, '2018-09-06 19:59:30', '2018-09-06 19:59:30', 'MV UNIEVER/1812', null), ('2715', '38', 'INLINE 15', 'BAHADOPI', '腾翼配件5#', null, 'DZ93259820100', '改进型液压手动油泵', 'Improved hydraulic manual pump', 'pc', '12', '0.00', '877800.00', '陕汽德龙F2000后八轮', null, '0', null, '2018-09-06 19:59:30', '2018-09-06 19:59:30', 'MV UNIEVER/1812', null), ('2716', '38', 'INLINE 15', 'BAHADOPI', '腾翼配件5#', null, '81.96502.6045', '轴承密封圈', 'Bearing seal', 'pc', '3', '0.00', '49280.00', '陕汽德龙F2000后八轮', null, '0', null, '2018-09-06 19:59:30', '2018-09-06 19:59:30', 'MV UNIEVER/1812', null), ('2717', '38', 'INLINE 15', 'BAHADOPI', '腾翼配件5#', null, 'HD90009410040', '前轮毂', 'Front hub', 'pc', '3', '0.00', '924000.00', '陕汽德龙F2000后八轮', null, '0', null, '2018-09-06 19:59:30', '2018-09-06 19:59:30', 'MV UNIEVER/1812', null), ('2718', '38', 'INLINE 15', 'BAHADOPI', '腾翼配件5#', null, 'HD91129710001', '电磁压力开关', 'Electromagnetic pressure switch', 'pc', '12', '0.00', '107800.00', '陕汽德龙F2000后八轮', null, '0', null, '2018-09-06 19:59:30', '2018-09-06 19:59:30', 'MV UNIEVER/1812', null), ('2719', '38', 'INLINE 15', 'BAHADOPI', '腾翼配件5#', null, 'DZ9114315188', '传动轴', 'Transmission shaft', 'pc', '3', '0.00', '7579880.00', '陕汽德龙F2000后八轮', null, '0', null, '2018-09-06 19:59:30', '2018-09-06 19:59:30', 'MV UNIEVER/1812', null), ('2720', '38', 'INLINE 15', 'BAHADOPI', '腾翼配件5#', null, 'DZ91259525274x', '上推力杆总成衬套', 'Upper thrust rod assembly bushing', 'pc', '66', '0.00', '354200.00', '陕汽德龙F2000后八轮', null, '0', null, '2018-09-06 19:59:30', '2018-09-06 19:59:30', 'MV UNIEVER/1812', null), ('2721', '38', 'INLINE 15', 'BAHADOPI', '腾翼配件5#', null, 'DZ91259525275x', '下推力杆胶套', 'Lower thrust rod rubber sleeve', 'pc', '120', '0.00', '354200.00', '陕汽德龙F2000后八轮', null, '0', null, '2018-09-06 19:59:30', '2018-09-06 19:59:30', 'MV UNIEVER/1812', null), ('2722', '38', 'INLINE 15', 'BAHADOPI', '腾翼配件5#', null, 'DZ13241824330', 'F3000前置冷凝器', 'F3000 front condenser', 'pc', '12', '0.00', '1124200.00', '陕汽德龙F2000后八轮', null, '0', null, '2018-09-06 19:59:30', '2018-09-06 19:59:30', 'MV UNIEVER/1812', null), ('2723', '38', 'INLINE 15', 'BAHADOPI', '腾翼配件5#', null, 'DZ9112530268', '水箱散热器', 'Water tank radiator', 'pc', '4', '0.00', '5728800.00', '陕汽德龙F2000后八轮', null, '0', null, '2018-09-06 19:59:30', '2018-09-06 19:59:30', 'MV UNIEVER/1812', null), ('2724', '38', 'INLINE 15', 'BAHADOPI', '腾翼配件5#', null, 'DZ95259532213', '水箱散热器', 'Water tank radiator', 'pc', '1', '0.00', '3622080.00', '陕汽德龙F2000后八轮', null, '0', null, '2018-09-06 19:59:30', '2018-09-06 19:59:30', 'MV UNIEVER/1812', null), ('2725', '38', 'INLINE 15', 'BAHADOPI', '腾翼配件5#', null, 'DZ93259535815', '散热器出水胶管', 'Radiator water hose', 'pc', '12', '0.00', '243320.00', '陕汽德龙F2000后八轮', null, '0', null, '2018-09-06 19:59:30', '2018-09-06 19:59:30', 'MV UNIEVER/1812', null), ('2726', '38', 'INLINE 15', 'BAHADOPI', '腾翼配件5#', null, '81.96502.6045', '轴承密封圈', 'Bearing seal', 'pc', '36', '0.00', '49280.00', '陕汽德龙F2000后八轮', null, '0', null, '2018-09-06 19:59:30', '2018-09-06 19:59:30', 'MV UNIEVER/1812', null), ('2727', '38', 'INLINE 15', 'BAHADOPI', '腾翼配件6#', null, 'DZ1642110030', '左支架总成', 'Left bracket assembly', 'pc', '6', '0.00', '32340.00', '通用', null, '0', null, '2018-09-06 19:59:30', '2018-09-06 19:59:30', 'MV UNIEVER/1812', null), ('2728', '38', 'INLINE 15', 'BAHADOPI', '腾翼配件6#', null, 'DZ1642110040', '右支架总成', 'Right bracket assembly', 'pc', '6', '0.00', '32340.00', '通用', null, '0', null, '2018-09-06 19:59:30', '2018-09-06 19:59:30', 'MV UNIEVER/1812', null), ('2729', '38', 'INLINE 15', 'BAHADOPI', '腾翼配件6#', null, 'DZ9100130011', '转向油泵', 'Steering pump', 'pc', '2', '0.00', '1724800.00', '通用', null, '0', null, '2018-09-06 19:59:30', '2018-09-06 19:59:30', 'MV UNIEVER/1812', null), ('2730', '38', 'INLINE 15', 'BAHADOPI', '腾翼配件6#', null, 'DZ910052900802', '前钢板第2片', 'Front steel plate #2nd', 'pc', '36', '0.00', '1493800.00', '通用', null, '0', null, '2018-09-06 19:59:30', '2018-09-06 19:59:30', 'MV UNIEVER/1812', null), ('2731', '38', 'INLINE 15', 'BAHADOPI', '腾翼配件6#', null, 'DZ91259525274', '上推力杆总成', 'Upper thrust rod assembly', 'pc', '24', '0.00', '1108800.00', '通用', null, '0', null, '2018-09-06 19:59:30', '2018-09-06 19:59:30', 'MV UNIEVER/1812', null), ('2732', '38', 'INLINE 15', 'BAHADOPI', '腾翼配件6#', null, 'DZ91259525275', '下推力杆总成', 'Upper thrust rod assembly', 'pc', '24', '0.00', '1124200.00', '通用', null, '0', null, '2018-09-06 19:59:30', '2018-09-06 19:59:30', 'MV UNIEVER/1812', null), ('2733', '38', 'INLINE 15', 'BAHADOPI', '腾翼配件6#', null, 'DZ13241210001', '左车门焊接总成', 'Left door welding assembly', 'pc', '4', '0.00', '4481400.00', '通用', null, '0', null, '2018-09-06 19:59:30', '2018-09-06 19:59:30', 'MV UNIEVER/1812', null), ('2734', '38', 'INLINE 15', 'BAHADOPI', '腾翼配件6#', null, 'DZ13241210040', '右车门总成', 'Right door assembly', 'pc', '2', '0.00', '5100480.00', '通用', null, '0', null, '2018-09-06 19:59:30', '2018-09-06 19:59:30', 'MV UNIEVER/1812', null), ('2735', '38', 'INLINE 15', 'BAHADOPI', '腾翼配件6#', null, '', '车载喊话器', 'Car megaphone', 'pc', '3', '0.00', '1108800.00', '通用', null, '0', null, '2018-09-06 19:59:30', '2018-09-06 19:59:30', 'MV UNIEVER/1812', null), ('2736', '38', 'INLINE 15', 'BAHADOPI', '腾翼配件7#', null, 'DZ1643340030', '左车门锁总成', 'Left door lock assembly', 'pc', '12', '0.00', '363440.00', '陕汽德龙F2000后八轮', null, '0', null, '2018-09-06 19:59:30', '2018-09-06 19:59:30', 'MV UNIEVER/1812', null), ('2737', '38', 'INLINE 15', 'BAHADOPI', '腾翼配件7#', null, 'DZ1643340040', '右车门锁总成', 'Right door lock assembly', 'pc', '12', '0.00', '363440.00', '陕汽德龙F2000后八轮', null, '0', null, '2018-09-06 19:59:30', '2018-09-06 19:59:30', 'MV UNIEVER/1812', null), ('2738', '38', 'INLINE 15', 'BAHADOPI', '腾翼配件7#', null, 'SZ133000701', '外手柄总成', 'Outer handle assembly', 'pc', '12', '0.00', '258720.00', '陕汽德龙F2000后八轮', null, '0', null, '2018-09-06 19:59:30', '2018-09-06 19:59:30', 'MV UNIEVER/1812', null), ('2739', '38', 'INLINE 15', 'BAHADOPI', '腾翼配件7#', null, '81.41720.6061', '左托架总成', 'Left bracket assembly', 'pc', '6', '0.00', '816200.00', '陕汽德龙F2000后八轮', null, '0', null, '2018-09-06 19:59:30', '2018-09-06 19:59:30', 'MV UNIEVER/1812', null), ('2740', '38', 'INLINE 15', 'BAHADOPI', '腾翼配件7#', null, '81.41720.6060', '右托架总成', 'Right bracket assembly', 'pc', '6', '0.00', '816200.00', '陕汽德龙F2000后八轮', null, '0', null, '2018-09-06 19:59:30', '2018-09-06 19:59:30', 'MV UNIEVER/1812', null), ('2741', '38', 'INLINE 15', 'BAHADOPI', '腾翼配件7#', null, 'SZ144000007', '固定横梁总成', 'Fixed beam assembly', 'pc', '3', '0.00', '665280.00', '陕汽德龙F2000后八轮', null, '0', null, '2018-09-06 19:59:30', '2018-09-06 19:59:30', 'MV UNIEVER/1812', null), ('2742', '38', 'INLINE 15', 'BAHADOPI', '腾翼配件7#', null, 'DZ911452024003', '后钢板第3片', 'Rear steel plate #3rd', 'pc', '60', '0.00', '1509200.00', '陕汽德龙F2000后八轮', null, '0', null, '2018-09-06 19:59:30', '2018-09-06 19:59:30', 'MV UNIEVER/1812', null), ('2743', '38', 'INLINE 15', 'BAHADOPI', '腾翼配件7#', null, 'DZ95259532213', '水箱散热器', 'Water tank radiator', 'pc', '3', '0.00', '3622080.00', '陕汽德龙F2000后八轮', null, '0', null, '2018-09-06 19:59:30', '2018-09-06 19:59:30', 'MV UNIEVER/1812', null), ('2744', '38', 'INLINE 15', 'BAHADOPI', '腾翼配件7#', null, 'DZ1640430050', '左托架总成', 'Left bracket assembly', 'pc', '6', '0.00', '831600.00', '陕汽德龙F2000后八轮', null, '0', null, '2018-09-06 19:59:30', '2018-09-06 19:59:30', 'MV UNIEVER/1812', null), ('2745', '38', 'INLINE 15', 'BAHADOPI', '腾翼配件7#', null, 'DZ1640430060', '右托架总成', 'Right bracket assembly', 'pc', '6', '0.00', '831600.00', '陕汽德龙F2000后八轮', null, '0', null, '2018-09-06 19:59:30', '2018-09-06 19:59:30', 'MV UNIEVER/1812', null), ('2746', '38', 'INLINE 15', 'BAHADOPI', '腾翼配件7#', null, '81.26411.6090', '刮水器连杆总成', 'Wiper connecting rod assembly', 'pc', '18', '0.00', '520520.00', '陕汽德龙F2000后八轮', null, '0', null, '2018-09-06 19:59:30', '2018-09-06 19:59:30', 'MV UNIEVER/1812', null), ('2747', '38', 'INLINE 15', 'BAHADOPI', '腾翼配件7#', null, 'DZ1642110044', 'F2000散热器面罩', 'F2000 radiator mask', 'pc', '4', '0.00', '1410640.00', '陕汽德龙F2000后八轮', null, '0', null, '2018-09-06 19:59:30', '2018-09-06 19:59:30', 'MV UNIEVER/1812', null), ('2748', '38', 'INLINE 15', 'BAHADOPI', '腾翼配件8#', null, 'DZ93259820054', '油管', 'Oil Tubing', 'pc', '6', '0.00', '187880.00', '陕汽德龙F2000后八轮', null, '0', null, '2018-09-06 19:59:30', '2018-09-06 19:59:30', 'MV UNIEVER/1812', null), ('2749', '38', 'INLINE 15', 'BAHADOPI', '腾翼配件8#', null, 'SZ144000002', '高压软管', 'high-pressure hose', 'pc', '6', '0.00', '58520.00', '陕汽德龙F2000后八轮', null, '0', null, '2018-09-06 19:59:30', '2018-09-06 19:59:30', 'MV UNIEVER/1812', null), ('2750', '38', 'INLINE 15', 'BAHADOPI', '腾翼配件8#', null, 'DZ95189724010', '左前照灯（整体式右置车）', 'Left headlight (integral right car)', 'pc', '6', '0.00', '2166780.00', '陕汽德龙F2000后八轮', null, '0', null, '2018-09-06 19:59:30', '2018-09-06 19:59:30', 'MV UNIEVER/1812', null), ('2751', '38', 'INLINE 15', 'BAHADOPI', '腾翼配件8#', null, 'DZ9112530268', '水箱散热器', 'Water tank radiator', 'pc', '2', '0.00', '5728800.00', '陕汽德龙F2000后八轮', null, '0', null, '2018-09-06 19:59:30', '2018-09-06 19:59:30', 'MV UNIEVER/1812', null), ('2752', '38', 'INLINE 15', 'BAHADOPI', '腾翼配件8#', null, 'H150A22120BZF3', '车轮螺栓及螺母', 'Wheel bolts and nuts', 'pc', '2000', '0.00', '49280.00', '陕汽德龙F2000后八轮', null, '0', null, '2018-09-06 19:59:30', '2018-09-06 19:59:30', 'MV UNIEVER/1812', null), ('2753', '38', 'INLINE 15', 'BAHADOPI', '腾翼配件9#', null, 'DZ13241430150', '前悬减振器', 'Front suspension damper', 'pc', '12', '0.00', '552736.80', '陕汽德龙F2000后八轮', null, '0', null, '2018-09-06 19:59:30', '2018-09-06 19:59:30', 'MV UNIEVER/1812', null), ('2754', '38', 'INLINE 15', 'BAHADOPI', '腾翼配件9#', null, '81.41722.6036', '减震器', 'Shock absorber', 'pc', '12', '0.00', '480480.00', '陕汽德龙F2000后八轮', null, '0', null, '2018-09-06 19:59:30', '2018-09-06 19:59:30', 'MV UNIEVER/1812', null), ('2755', '38', 'INLINE 15', 'BAHADOPI', '腾翼配件9#', null, 'DZ13241440150', '后悬减振器', 'Rear suspension damper', 'pc', '12', '0.00', '535920.00', '陕汽德龙F2000后八轮', null, '0', null, '2018-09-06 19:59:30', '2018-09-06 19:59:30', 'MV UNIEVER/1812', null), ('2756', '38', 'INLINE 15', 'BAHADOPI', '腾翼配件9#', null, 'DZ1640820021', '翻转油缸(右置车用)', 'Flip cylinder (for right car)', 'pc', '12', '0.00', '1148840.00', '陕汽德龙F2000后八轮', null, '0', null, '2018-09-06 19:59:30', '2018-09-06 19:59:30', 'MV UNIEVER/1812', null), ('2757', '38', 'INLINE 15', 'BAHADOPI', '腾翼配件9#', null, 'DZ93259470085', '循环球式动力转向器', 'Recirculating ball power steering', 'pc', '3', '0.00', '7127120.00', '陕汽德龙F2000后八轮', null, '0', null, '2018-09-06 19:59:30', '2018-09-06 19:59:30', 'MV UNIEVER/1812', null), ('2758', '38', 'INLINE 15', 'BAHADOPI', '腾翼配件9#', null, 'DZ9100130011', '转向油泵', 'Steering pump', 'pc', '4', '0.00', '1724800.00', '陕汽德龙F2000后八轮', null, '0', null, '2018-09-06 19:59:30', '2018-09-06 19:59:30', 'MV UNIEVER/1812', null), ('2759', '38', 'INLINE 15', 'BAHADOPI', '腾翼配件9#', null, 'DZ95259521320', '前簧骑马螺栓', 'Front spring riding bolt', 'pc', '120', '0.00', '121352.00', '陕汽德龙F2000后八轮', null, '0', null, '2018-09-06 19:59:30', '2018-09-06 19:59:30', 'MV UNIEVER/1812', null), ('2760', '38', 'INLINE 15', 'BAHADOPI', '腾翼配件9#', null, 'DZ9100529008zxs', '中心螺丝', 'Center screw', 'pc', '120', '0.00', '50820.00', '陕汽德龙F2000后八轮', null, '0', null, '2018-09-06 19:59:30', '2018-09-06 19:59:30', 'MV UNIEVER/1812', null), ('2761', '38', 'INLINE 15', 'BAHADOPI', '腾翼配件9#', null, 'DZ9118520124', '后簧骑马螺栓', 'Rear spring riding bolt', 'pc', '120', '0.00', '203280.00', '陕汽德龙F2000后八轮', null, '0', null, '2018-09-06 19:59:30', '2018-09-06 19:59:30', 'MV UNIEVER/1812', null), ('2762', '38', 'INLINE 15', 'BAHADOPI', '腾翼配件9#', null, 'DZ1640820071', '翻转油缸(右置车用)', 'Flip cylinder (for right car)', 'pc', '6', '0.00', '1130360.00', '陕汽德龙F2000后八轮', null, '0', null, '2018-09-06 19:59:30', '2018-09-06 19:59:30', 'MV UNIEVER/1812', null), ('2763', '38', 'INLINE 15', 'BAHADOPI', '腾翼配件9#', null, 'DZ13241440150', '后悬减振器', 'Rear suspension damper', 'pc', '12', '0.00', '535920.00', '陕汽德龙F2000后八轮', null, '0', null, '2018-09-06 19:59:30', '2018-09-06 19:59:30', 'MV UNIEVER/1812', null), ('2764', '38', 'INLINE 15', 'BAHADOPI', '腾翼配件9#', null, 'DZ93525932159', '保险杠焊接总成', 'Bumper welding assembly', 'pc', '6', '0.00', '3123120.00', '陕汽德龙F2000后八轮', null, '0', null, '2018-09-06 19:59:30', '2018-09-06 19:59:30', 'MV UNIEVER/1812', null), ('2765', '38', 'INLINE 15', 'BAHADOPI', '腾翼配件9#', null, 'DZ13241870025', '左前侧盖板（随车附件，不单供应）', 'Left front side cover (with car accessories, not only supplied)', 'pc', '6', '0.00', '277200.00', '陕汽德龙F2000后八轮', null, '0', null, '2018-09-06 19:59:30', '2018-09-06 19:59:30', 'MV UNIEVER/1812', null), ('2766', '38', 'INLINE 15', 'BAHADOPI', '腾翼配件9#', null, 'DZ13241870026', '右前侧盖板（随车附件，不单供）', 'Right front side cover (with car accessories, not only)', 'pc', '6', '0.00', '277200.00', '陕汽德龙F2000后八轮', null, '0', null, '2018-09-06 19:59:30', '2018-09-06 19:59:30', 'MV UNIEVER/1812', null), ('2767', '38', 'INLINE 15', 'BAHADOPI', '腾翼配件9#', null, 'DZ1642110044', 'F2000散热器面罩', 'F2000 radiator mask', 'pc', '2', '0.00', '1410640.00', '陕汽德龙F2000后八轮', null, '0', null, '2018-09-06 19:59:30', '2018-09-06 19:59:30', 'MV UNIEVER/1812', null), ('2768', '38', 'INLINE 15', 'BAHADOPI', '腾翼配件9#', null, 'DZ13241210040', '右车门总成', 'Right door assembly', 'pc', '1', '0.00', '5100480.00', '陕汽德龙F2000后八轮', null, '0', null, '2018-09-06 19:59:30', '2018-09-06 19:59:30', 'MV UNIEVER/1812', null), ('2769', '38', 'INLINE 15', 'BAHADOPI', '腾翼配件10#', null, '81.62450.0052', '前挡风玻璃', 'front windshield', 'pc', '12', '0.00', '1515360.00', '陕汽德龙F2000后八轮', null, '0', null, '2018-09-06 19:59:30', '2018-09-06 19:59:30', 'MV UNIEVER/1812', null), ('2770', '38', 'INLINE 15', 'BAHADOPI', '腾翼配件11#', null, '81.62450.0052', '前挡风玻璃', 'front windshield', 'pc', '12', '0.00', '1515360.00', '陕汽德龙F2000后八轮', null, '0', null, '2018-09-06 19:59:30', '2018-09-06 19:59:30', 'MV UNIEVER/1812', null), ('2771', '38', 'INLINE 15', 'BAHADOPI', '腾翼配件12#', null, 'DZ9112320160', '后桥差主减速器总成', 'Rear axle differential final reducer assembly', 'pc', '2', '0.00', '18122720.00', '陕汽德龙F2000后八轮', null, '0', null, '2018-09-06 19:59:30', '2018-09-06 19:59:30', 'MV UNIEVER/1812', null), ('2772', '38', 'INLINE 15', 'BAHADOPI', '腾翼配件12#', null, 'DZ91259520038', '平衡轴壳', 'Balance shaft housing', 'pc', '6', '0.00', '2217600.00', '陕汽德龙F2000后八轮', null, '0', null, '2018-09-06 19:59:30', '2018-09-06 19:59:30', 'MV UNIEVER/1812', null), ('2773', '38', 'INLINE 15', 'BAHADOPI', '腾翼配件13#', null, 'DZ91189160032', '离合器从动盘', 'Clutch disc', 'pc', '60', '0.00', '3418800.00', '陕汽德龙F2000后八轮', null, '0', null, '2018-09-06 19:59:30', '2018-09-06 19:59:30', 'MV UNIEVER/1812', null), ('2774', '38', 'INLINE 15', 'BAHADOPI', '腾翼配件14#', null, 'DZ91189160031', '离合器盖总成', 'Clutch cover assembly', 'pc', '30', '0.00', '4826360.00', '陕汽德龙F2000后八轮', null, '0', null, '2018-09-06 19:59:30', '2018-09-06 19:59:30', 'MV UNIEVER/1812', null), ('2775', '38', 'INLINE 15', 'BAHADOPI', '腾翼配件15#', null, 'DZ91189160031', '离合器盖总成', 'Clutch cover assembly', 'pc', '30', '0.00', '4826360.00', '陕汽德龙F2000后八轮', null, '0', null, '2018-09-06 19:59:30', '2018-09-06 19:59:30', 'MV UNIEVER/1812', null), ('2776', '38', 'INLINE 15', 'BAHADOPI', '陕汽配件1#', null, 'DZ1643330011', '车门玻璃总成(左)', 'Door glass assembly (left)', 'pc', '6', '0.00', '89104.40', '陕汽德龙F2000后八轮', null, '0', null, '2018-09-06 19:59:30', '2018-09-06 19:59:30', 'MV UNIEVER/1812', null), ('2777', '38', 'INLINE 15', 'BAHADOPI', '陕汽配件1#', null, 'DZ1643330012', '车门玻璃总成(右)', 'Door glass assembly (right)', 'pc', '6', '0.00', '89104.40', '陕汽德龙F2000后八轮', null, '0', null, '2018-09-06 19:59:30', '2018-09-06 19:59:30', 'MV UNIEVER/1812', null), ('2778', '38', 'INLINE 15', 'BAHADOPI', '陕汽配件1#', null, '81.96503.0129', '垫片', 'Gasket', 'pc', '12', '0.00', '4219.60', '陕汽德龙F2000后八轮', null, '0', null, '2018-09-06 19:59:30', '2018-09-06 19:59:30', 'MV UNIEVER/1812', null), ('2779', '38', 'INLINE 15', 'BAHADOPI', '陕汽配件1#', null, '81.41720.5339', '翻转轴左支撑总成(右置车用)（禁用）', 'Flip axis left support assembly (for right car) (disabled)', 'pc', '6', '0.00', '679140.00', '陕汽德龙F2000后八轮', null, '0', null, '2018-09-06 19:59:30', '2018-09-06 19:59:30', 'MV UNIEVER/1812', null), ('2780', '38', 'INLINE 15', 'BAHADOPI', '陕汽配件1#', null, '81.41720.5342', '翻转轴右支撑总成(右置车用)（禁用）', 'Flip axis right support assembly (for right car) (disabled)', 'pc', '6', '0.00', '679140.00', '陕汽德龙F2000后八轮', null, '0', null, '2018-09-06 19:59:30', '2018-09-06 19:59:30', 'MV UNIEVER/1812', null), ('2781', '38', 'INLINE 15', 'BAHADOPI', '陕汽配件1#', null, 'DZ93259820057', '高压软管', 'High-pressure hose', 'pc', '6', '0.00', '213444.00', '陕汽德龙F2000后八轮', null, '0', null, '2018-09-06 19:59:30', '2018-09-06 19:59:30', 'MV UNIEVER/1812', null), ('2782', '38', 'INLINE 15', 'BAHADOPI', '陕汽配件1#', null, 'DZ93259820058', '高压软管', 'High-pressure hose', 'pc', '6', '0.00', '213444.00', '陕汽德龙F2000后八轮', null, '0', null, '2018-09-06 19:59:30', '2018-09-06 19:59:30', 'MV UNIEVER/1812', null), ('2783', '38', 'INLINE 15', 'BAHADOPI', '陕汽配件1#', null, '190003559482', '三通接头体', 'T joint', 'pc', '6', '0.00', '25872.00', '陕汽德龙F2000后八轮', null, '0', null, '2018-09-06 19:59:30', '2018-09-06 19:59:30', 'MV UNIEVER/1812', null), ('2784', '38', 'INLINE 15', 'BAHADOPI', '陕汽配件1#', null, 'SZ144000004', '高压软管', 'High-pressure hose', 'pc', '6', '0.00', '43859.20', '陕汽德龙F2000后八轮', null, '0', null, '2018-09-06 19:59:30', '2018-09-06 19:59:30', 'MV UNIEVER/1812', null), ('2785', '38', 'INLINE 15', 'BAHADOPI', '陕汽配件1#', null, '81.26440.0038', '德龙刮水器片', 'De\'long wiper blade', 'pc', '60', '0.00', '40810.00', '陕汽德龙F2000后八轮', null, '0', null, '2018-09-06 19:59:30', '2018-09-06 19:59:30', 'MV UNIEVER/1812', null), ('2786', '38', 'INLINE 15', 'BAHADOPI', '陕汽配件1#', null, '81.26411.6090', '刮水器连杆总成', 'Wiper connecting rod assembly', 'pc', '6', '0.00', '521320.80', '陕汽德龙F2000后八轮', null, '0', null, '2018-09-06 19:59:30', '2018-09-06 19:59:30', 'MV UNIEVER/1812', null), ('2787', '38', 'INLINE 15', 'BAHADOPI', '陕汽配件1#', null, 'XLB-75T', '7.5吨主销修理包（适用于：生产编号为B150704250之前）', '7.5T king pin repair kit', 'pc', '24', '0.00', '695310.00', '陕汽德龙F2000后八轮', null, '0', null, '2018-09-06 19:59:30', '2018-09-06 19:59:30', 'MV UNIEVER/1812', null), ('2788', '38', 'INLINE 15', 'BAHADOPI', '陕汽配件1#', null, 'HD95009410007', '圆锥滚子轴承', 'Conic roller bearing', 'pc', '36', '0.00', '184338.00', '陕汽德龙F2000后八轮', null, '0', null, '2018-09-06 19:59:30', '2018-09-06 19:59:30', 'MV UNIEVER/1812', null), ('2789', '38', 'INLINE 15', 'BAHADOPI', '陕汽配件1#', null, '81.93420.0074', '轴承', 'Bearing', 'pc', '36', '0.00', '261954.00', '陕汽德龙F2000后八轮', null, '0', null, '2018-09-06 19:59:30', '2018-09-06 19:59:30', 'MV UNIEVER/1812', null), ('2790', '38', 'INLINE 15', 'BAHADOPI', '陕汽配件1#', null, '81.92901.0066', '螺母', 'Nut', 'pc', '6', '0.00', '116424.00', '陕汽德龙F2000后八轮', null, '0', null, '2018-09-06 19:59:30', '2018-09-06 19:59:30', 'MV UNIEVER/1812', null), ('2791', '38', 'INLINE 15', 'BAHADOPI', '陕汽配件1#', null, '81.44312.0009', '轮毂帽', 'Hub cap', 'pc', '6', '0.00', '29106.00', '陕汽德龙F2000后八轮', null, '0', null, '2018-09-06 19:59:30', '2018-09-06 19:59:30', 'MV UNIEVER/1812', null), ('2792', '38', 'INLINE 15', 'BAHADOPI', '陕汽配件1#', null, 'XLB-ZXJ', '转向机修理包', 'Steering gear repair kit', 'pc', '6', '0.00', '606390.40', '陕汽德龙F2000后八轮', null, '0', null, '2018-09-06 19:59:30', '2018-09-06 19:59:30', 'MV UNIEVER/1812', null), ('2793', '38', 'INLINE 15', 'BAHADOPI', '陕汽配件1#', null, 'HLGXLB-M24ZX', 'M30/M24X1.5球头修理包（左）', 'Linkage ball repair kit (left)', 'pc', '6', '0.00', '203742.00', '陕汽德龙F2000后八轮', null, '0', null, '2018-09-06 19:59:30', '2018-09-06 19:59:30', 'MV UNIEVER/1812', null), ('2794', '38', 'INLINE 15', 'BAHADOPI', '陕汽配件1#', null, 'HLGXLB-M24YX', 'M30/M24X1.5球头修理包（右）', 'Linkage ball repair kit (right)', 'pc', '6', '0.00', '203742.00', '陕汽德龙F2000后八轮', null, '0', null, '2018-09-06 19:59:30', '2018-09-06 19:59:30', 'MV UNIEVER/1812', null), ('2795', '38', 'INLINE 15', 'BAHADOPI', '陕汽配件1#', null, 'HD95009410031', '左梯形臂', 'Left trapezoid arm', 'pc', '3', '0.00', '281358.00', '陕汽德龙F2000后八轮', null, '0', null, '2018-09-06 19:59:30', '2018-09-06 19:59:30', 'MV UNIEVER/1812', null), ('2796', '38', 'INLINE 15', 'BAHADOPI', '陕汽配件1#', null, 'HD95009410032', '右梯形臂', 'Right trapezoid arm', 'pc', '3', '0.00', '281358.00', '陕汽德龙F2000后八轮', null, '0', null, '2018-09-06 19:59:30', '2018-09-06 19:59:30', 'MV UNIEVER/1812', null), ('2797', '38', 'INLINE 15', 'BAHADOPI', '陕汽配件1#', null, '81.46705.0268', '右转向节臂', 'Right steering knuckle arm', 'pc', '3', '0.00', '698544.00', '陕汽德龙F2000后八轮', null, '0', null, '2018-09-06 19:59:30', '2018-09-06 19:59:30', 'MV UNIEVER/1812', null), ('2798', '38', 'INLINE 15', 'BAHADOPI', '陕汽配件1#', null, '19036311080', '万向节总成(Φ57)', 'Universal joint assembly (Φ57)', 'pc', '12', '0.00', '420420.00', '陕汽德龙F2000后八轮', null, '0', null, '2018-09-06 19:59:30', '2018-09-06 19:59:30', 'MV UNIEVER/1812', null), ('2799', '38', 'INLINE 15', 'BAHADOPI', '陕汽配件1#', null, 'DZ9112340227', '轮毂油封（包含199012340113/199012340114）', 'Hub oil sealing', 'pc', '12', '0.00', '391314.00', '陕汽德龙F2000后八轮', null, '0', null, '2018-09-06 19:59:30', '2018-09-06 19:59:30', 'MV UNIEVER/1812', null), ('2800', '38', 'INLINE 15', 'BAHADOPI', '陕汽配件1#', null, 'DZ9112340228', '轮毂油封（包含199012340113/199012340114）', 'Hub oil sealing', 'pc', '12', '0.00', '391314.00', '陕汽德龙F2000后八轮', null, '0', null, '2018-09-06 19:59:30', '2018-09-06 19:59:30', 'MV UNIEVER/1812', null), ('2801', '38', 'INLINE 15', 'BAHADOPI', '陕汽配件1#', null, '190003888749', '自锁薄螺母VM24*1.5D009808Z', 'Self-lock thin nut', 'pc', '240', '0.00', '9732.80', '陕汽德龙F2000后八轮', null, '0', null, '2018-09-06 19:59:30', '2018-09-06 19:59:30', 'MV UNIEVER/1812', null), ('2802', '38', 'INLINE 15', 'BAHADOPI', '陕汽配件1#', null, 'DZ91259520505', 'O 形密封圈', 'O-ring', 'pc', '12', '0.00', '6160.00', '陕汽德龙F2000后八轮', null, '0', null, '2018-09-06 19:59:30', '2018-09-06 19:59:30', 'MV UNIEVER/1812', null), ('2803', '38', 'INLINE 15', 'BAHADOPI', '陕汽配件1#', null, 'Q151B1850TF3', '六角头螺栓-细牙', 'Hexagon head bolt-thin thread', 'pc', '24', '0.00', '5574.80', '陕汽德龙F2000后八轮', null, '0', null, '2018-09-06 19:59:30', '2018-09-06 19:59:30', 'MV UNIEVER/1812', null), ('2804', '38', 'INLINE 15', 'BAHADOPI', '陕汽配件1#', null, 'Q151B20240TF3', '六角头螺栓', 'Hexagon head bolt', 'pc', '120', '0.00', '38808.00', '陕汽德龙F2000后八轮', null, '0', null, '2018-09-06 19:59:30', '2018-09-06 19:59:30', 'MV UNIEVER/1812', null), ('2805', '38', 'INLINE 15', 'BAHADOPI', '陕汽配件1#', null, 'Q151B20200TF3', '六角头螺栓', 'Hexagon head bolt', 'pc', '120', '0.00', '32340.00', '陕汽德龙F2000后八轮', null, '0', null, '2018-09-06 19:59:30', '2018-09-06 19:59:30', 'MV UNIEVER/1812', null), ('2806', '38', 'INLINE 15', 'BAHADOPI', '陕汽配件1#', null, 'Q151B20100TF3', '六角头螺栓', 'Hexagon head bolt', 'pc', '240', '0.00', '28828.80', '陕汽德龙F2000后八轮', null, '0', null, '2018-09-06 19:59:30', '2018-09-06 19:59:30', 'MV UNIEVER/1812', null), ('2807', '38', 'INLINE 15', 'BAHADOPI', '陕汽配件1#', null, 'DZ91259527020', 'DTF六角凸缘螺母M20×1.5-10', 'Hexagon flange nut', 'pc', '600', '0.00', '6468.00', '陕汽德龙F2000后八轮', null, '0', null, '2018-09-06 19:59:30', '2018-09-06 19:59:30', 'MV UNIEVER/1812', null), ('2808', '38', 'INLINE 15', 'BAHADOPI', '陕汽配件1#', null, 'Q151B1455TF3', '六角头螺栓', 'Hexagon head bolt', 'pc', '240', '0.00', '6283.20', '陕汽德龙F2000后八轮', null, '0', null, '2018-09-06 19:59:30', '2018-09-06 19:59:30', 'MV UNIEVER/1812', null), ('2809', '38', 'INLINE 15', 'BAHADOPI', '陕汽配件1#', null, '190003888620', '自锁螺母VM14*1.5D0098010ZN', 'Self-lock nut', 'pc', '240', '0.00', '4712.40', '陕汽德龙F2000后八轮', null, '0', null, '2018-09-06 19:59:30', '2018-09-06 19:59:30', 'MV UNIEVER/1812', null), ('2810', '38', 'INLINE 15', 'BAHADOPI', '陕汽配件1#', null, 'DZ13241821201', 'F2000空调干燥罐（新状态）', 'Air conditioning drying tank', 'pc', '12', '0.00', '362208.00', '陕汽德龙F2000后八轮', null, '0', null, '2018-09-06 19:59:30', '2018-09-06 19:59:30', 'MV UNIEVER/1812', null), ('2811', '38', 'INLINE 15', 'BAHADOPI', '陕汽配件1#', null, 'BSQH50-G18331', '取力器总成', 'Power take-off assembly', 'pc', '3', '0.00', '2949408.00', '陕汽德龙F2000后八轮', null, '0', null, '2018-09-06 19:59:30', '2018-09-06 19:59:30', 'MV UNIEVER/1812', null), ('2812', '38', 'INLINE 15', 'BAHADOPI', '陕汽配件1#', null, 'ZX06001ZJ160', '齿轮泵;', 'Gear pump', 'pc', '6', '0.00', '2829750.00', '陕汽德龙F2000后八轮', null, '0', null, '2018-09-06 19:59:30', '2018-09-06 19:59:30', 'MV UNIEVER/1812', null), ('2813', '38', 'INLINE 15', 'BAHADOPI', '陕汽配件1#', null, 'ZX05006ZJ000', '车厢举升控制阀（驾驶室内）', 'Car lift control valve (cab)', 'pc', '6', '0.00', '606390.40', '陕汽德龙F2000后八轮', null, '0', null, '2018-09-06 19:59:30', '2018-09-06 19:59:30', 'MV UNIEVER/1812', null), ('2814', '38', 'INLINE 15', 'BAHADOPI', '陕汽配件1#', null, 'DZ93259534004', 'WP10发动机下水管', 'Engine water outlet pipe', 'pc', '12', '0.00', '155232.00', '陕汽德龙F2000后八轮', null, '0', null, '2018-09-06 19:59:30', '2018-09-06 19:59:30', 'MV UNIEVER/1812', null), ('2815', '38', 'INLINE 15', 'BAHADOPI', '陕汽配件1#', null, 'DZ91259593001', '发动机前悬置软垫', 'Engine front suspension cushion', 'pc', '6', '0.00', '126126.00', '陕汽德龙F2000后八轮', null, '0', null, '2018-09-06 19:59:30', '2018-09-06 19:59:30', 'MV UNIEVER/1812', null), ('2816', '38', 'INLINE 15', 'BAHADOPI', '陕汽配件1#', null, 'DZ93259591032', '发动机前支架（左）', 'Engine front bracket (left)', 'pc', '6', '0.00', '646800.00', '陕汽德龙F2000后八轮', null, '0', null, '2018-09-06 19:59:30', '2018-09-06 19:59:30', 'MV UNIEVER/1812', null), ('2817', '38', 'INLINE 15', 'BAHADOPI', '陕汽配件1#', null, 'DZ93259591033', '发动机前支架（右）', 'Engine front bracket (right)', 'pc', '6', '0.00', '646800.00', '陕汽德龙F2000后八轮', null, '0', null, '2018-09-06 19:59:30', '2018-09-06 19:59:30', 'MV UNIEVER/1812', null), ('2818', '38', 'INLINE 15', 'BAHADOPI', '陕汽配件1#', null, 'DZ9112540001', '卡箍', 'Clamp', 'pc', '120', '0.00', '12936.00', '陕汽德龙F2000后八轮', null, '0', null, '2018-09-06 19:59:30', '2018-09-06 19:59:30', 'MV UNIEVER/1812', null), ('2819', '38', 'INLINE 15', 'BAHADOPI', '陕汽配件1#', null, 'BSA-C09016-14', '副箱气缸总成', 'Sub-tank cylinder assembly', 'pc', '4', '0.00', '945621.60', '陕汽德龙F2000后八轮', null, '0', null, '2018-09-06 19:59:30', '2018-09-06 19:59:30', 'MV UNIEVER/1812', null), ('2820', '38', 'INLINE 15', 'BAHADOPI', '陕汽配件1#', null, 'BSA-C09002', '驱动齿总成', 'Drive tooth assembly', 'pc', '4', '0.00', '1283374.40', '陕汽德龙F2000后八轮', null, '0', null, '2018-09-06 19:59:30', '2018-09-06 19:59:30', 'MV UNIEVER/1812', null), ('2821', '38', 'INLINE 15', 'BAHADOPI', '陕汽配件1#', null, 'BS50118', '轴承6018N', 'Bearing 6018N', 'pc', '4', '0.00', '163424.80', '陕汽德龙F2000后八轮', null, '0', null, '2018-09-06 19:59:30', '2018-09-06 19:59:30', 'MV UNIEVER/1812', null), ('2822', '38', 'INLINE 15', 'BAHADOPI', '陕汽配件1#', null, 'BS192310E', '轴承NUP310ENTN1', 'BearingNUP310ENTN1', 'pc', '4', '0.00', '183814.40', '陕汽德龙F2000后八轮', null, '0', null, '2018-09-06 19:59:30', '2018-09-06 19:59:30', 'MV UNIEVER/1812', null), ('2823', '38', 'INLINE 15', 'BAHADOPI', '陕汽配件1#', null, 'BSA-5119（花）', '加长中间轴总成', 'Extended intermediate shaft assembly', 'pc', '4', '0.00', '1102948.00', '陕汽德龙F2000后八轮', null, '0', null, '2018-09-06 19:59:30', '2018-09-06 19:59:30', 'MV UNIEVER/1812', null), ('2824', '38', 'INLINE 15', 'BAHADOPI', '陕汽配件1#', null, 'BSA-C09005', '同步器总成', 'Synchronizer assembly', 'pc', '4', '0.00', '2495292.80', '陕汽德龙F2000后八轮', null, '0', null, '2018-09-06 19:59:30', '2018-09-06 19:59:30', 'MV UNIEVER/1812', null), ('2825', '38', 'INLINE 15', 'BAHADOPI', '陕汽配件1#', null, 'DZ13241430536', '缓冲块', 'Buffer block', 'pc', '3', '0.00', '41395.20', '陕汽德龙F2000后八轮', null, '0', null, '2018-09-06 19:59:30', '2018-09-06 19:59:30', 'MV UNIEVER/1812', null), ('2826', '38', 'INLINE 15', 'BAHADOPI', '陕汽配件1#', null, 'DZ13241110033', '气压弹簧', 'Air pressure spring', 'pc', '12', '0.00', '107399.60', '陕汽德龙F2000后八轮', null, '0', null, '2018-09-06 19:59:30', '2018-09-06 19:59:30', 'MV UNIEVER/1812', null), ('2827', '38', 'INLINE 15', 'BAHADOPI', '陕汽配件1#', null, '81.26401.6130', '雨刮电机2L', 'Wiper motor 2L', 'pc', '6', '0.00', '294294.00', '陕汽德龙F2000后八轮', null, '0', null, '2018-09-06 19:59:30', '2018-09-06 19:59:30', 'MV UNIEVER/1812', null), ('2828', '38', 'INLINE 15', 'BAHADOPI', '陕汽配件1#', null, '81.26411.6090', '刮水器连杆总成', 'Wiper connecting rod assembly', 'pc', '6', '0.00', '521320.80', '陕汽德龙F2000后八轮', null, '0', null, '2018-09-06 19:59:30', '2018-09-06 19:59:30', 'MV UNIEVER/1812', null), ('2829', '38', 'INLINE 15', 'BAHADOPI', '陕汽配件1#', null, '81.26440.0038', '德龙刮水器片', 'De\'long wiper blade', 'pc', '36', '0.00', '40810.00', '陕汽德龙F2000后八轮', null, '0', null, '2018-09-06 19:59:30', '2018-09-06 19:59:30', 'MV UNIEVER/1812', null), ('2830', '38', 'INLINE 15', 'BAHADOPI', '陕汽配件1#', null, '81.62440.0023', '气弹簧支架', 'Air spring bracket', 'pc', '12', '0.00', '9702.00', '陕汽德龙F2000后八轮', null, '0', null, '2018-09-06 19:59:30', '2018-09-06 19:59:30', 'MV UNIEVER/1812', null), ('2831', '38', 'INLINE 15', 'BAHADOPI', '陕汽配件1#', null, '199012340123', '车轮螺栓(后)', 'Wheel bolts(rear)', 'pc', '1000', '0.00', '20050.80', '陕汽德龙F2000后八轮', null, '0', null, '2018-09-06 19:59:30', '2018-09-06 19:59:30', 'MV UNIEVER/1812', null), ('2832', '38', 'INLINE 15', 'BAHADOPI', '陕汽配件1#', null, 'DZ95189611300', '车轮螺母', 'Wheel nut', 'pc', '1000', '0.00', '22638.00', '陕汽德龙F2000后八轮', null, '0', null, '2018-09-06 19:59:30', '2018-09-06 19:59:30', 'MV UNIEVER/1812', null), ('2833', '38', 'INLINE 15', 'BAHADOPI', '陕汽配件2#', null, 'DZ13241430080', '翻转轴总成（出口）', 'Tilting shaft assembly', 'pc', '6', '0.00', '2208822.00', '陕汽德龙F2000后八轮', null, '0', null, '2018-09-06 19:59:30', '2018-09-06 19:59:30', 'MV UNIEVER/1812', null), ('2834', '38', 'INLINE 15', 'BAHADOPI', '陕汽配件2#', null, 'DZ9100430011', '转向直拉杆', 'Steering straight pull rod', 'pc', '12', '0.00', '815614.80', '陕汽德龙F2000后八轮', null, '0', null, '2018-09-06 19:59:30', '2018-09-06 19:59:30', 'MV UNIEVER/1812', null), ('2835', '38', 'INLINE 15', 'BAHADOPI', '陕汽配件2#', null, 'ZX01003ZJ180', '自卸举升油缸;', 'Self-unloading lift cylinder;', 'pc', '6', '0.00', '30318750.00', '陕汽德龙F2000后八轮', null, '0', null, '2018-09-06 19:59:30', '2018-09-06 19:59:30', 'MV UNIEVER/1812', null), ('2836', '38', 'INLINE 15', 'BAHADOPI', '陕汽配件2#', null, 'DZ13241970001', '横梁总成', 'Cross member assembly', 'pc', '3', '0.00', '527142.00', '陕汽德龙F2000后八轮', null, '0', null, '2018-09-06 19:59:30', '2018-09-06 19:59:30', 'MV UNIEVER/1812', null), ('2837', '38', 'INLINE 15', 'BAHADOPI', '潍柴 PR5011 A#', null, '612600091116', '发电机', 'generator', 'pc', '10', '0.00', '2071641.60', '陕汽德龙F2000后八轮', null, '0', null, '2018-09-06 19:59:30', '2018-09-06 19:59:30', 'MV UNIEVER/1812', null), ('2838', '38', 'INLINE 15', 'BAHADOPI', '潍柴 PR5011 A#', null, '1000726449', '增压器', 'Supercharger', 'pc', '5', '0.00', '6888067.20', '陕汽德龙F2000后八轮', null, '0', null, '2018-09-06 19:59:30', '2018-09-06 19:59:30', 'MV UNIEVER/1812', null), ('2839', '38', 'INLINE 15', 'BAHADOPI', '潍柴 PR5011 A#', null, '612600113779', '增压器进油管', 'Supercharger inlet pipe', 'pc', '5', '0.00', '152409.60', '陕汽德龙F2000后八轮', null, '0', null, '2018-09-06 19:59:30', '2018-09-06 19:59:30', 'MV UNIEVER/1812', null), ('2840', '38', 'INLINE 15', 'BAHADOPI', '潍柴 PR5011 A#', null, '612600090919', '机油压力传感器', 'Oil Pressure Sensor', 'pc', '5', '0.00', '413481.60', '陕汽德龙F2000后八轮', null, '0', null, '2018-09-06 19:59:30', '2018-09-06 19:59:30', 'MV UNIEVER/1812', null), ('2841', '38', 'INLINE 15', 'BAHADOPI', '潍柴 PR5011 A#', null, '612600113673', '增压器回油管', 'Supercharger return pipe', 'pc', '5', '0.00', '165110.40', '陕汽德龙F2000后八轮', null, '0', null, '2018-09-06 19:59:30', '2018-09-06 19:59:30', 'MV UNIEVER/1812', null), ('2842', '38', 'INLINE 15', 'BAHADOPI', '潍柴 PR5011 A#', null, '61560110117', '橡胶软管', 'Rubber hose', 'pc', '5', '0.00', '31046.40', '陕汽德龙F2000后八轮', null, '0', null, '2018-09-06 19:59:30', '2018-09-06 19:59:30', 'MV UNIEVER/1812', null), ('2843', '38', 'INLINE 15', 'BAHADOPI', '潍柴 PR5011 A#', null, '612600112410', '中冷管', 'Intercooling tube', 'pc', '5', '0.00', '797328.00', '陕汽德龙F2000后八轮', null, '0', null, '2018-09-06 19:59:30', '2018-09-06 19:59:30', 'MV UNIEVER/1812', null), ('2844', '38', 'INLINE 15', 'BAHADOPI', '潍柴 PR5011 A#', null, '612600111086', '橡胶软管', 'Rubber hose', 'pc', '5', '0.00', '90316.80', '陕汽德龙F2000后八轮', null, '0', null, '2018-09-06 19:59:30', '2018-09-06 19:59:30', 'MV UNIEVER/1812', null), ('2845', '38', 'INLINE 15', 'BAHADOPI', '潍柴 PR5011 A#', null, '612600112505', '连接短管', 'Connecting short tube', 'pc', '5', '0.00', '74793.60', '陕汽德龙F2000后八轮', null, '0', null, '2018-09-06 19:59:30', '2018-09-06 19:59:30', 'MV UNIEVER/1812', null), ('2846', '38', 'INLINE 15', 'BAHADOPI', '潍柴 PR5011 A#', null, '614150004', '密封垫', 'Seal', 'pc', '5', '0.00', '94550.40', '陕汽德龙F2000后八轮', null, '0', null, '2018-09-06 19:59:30', '2018-09-06 19:59:30', 'MV UNIEVER/1812', null), ('2847', '38', 'INLINE 15', 'BAHADOPI', '潍柴 PR5011 A#', null, '612600150382', '油底壳', 'Oil sump', 'pc', '5', '0.00', '1449302.40', '陕汽德龙F2000后八轮', null, '0', null, '2018-09-06 19:59:30', '2018-09-06 19:59:30', 'MV UNIEVER/1812', null), ('2848', '38', 'INLINE 15', 'BAHADOPI', '潍柴 PR5011 B#', null, '612600091078', '起动机', 'starter', 'pc', '20', '0.00', '4711996.80', '陕汽德龙F2000后八轮', null, '0', null, '2018-09-06 19:59:30', '2018-09-06 19:59:30', 'MV UNIEVER/1812', null), ('2849', '38', 'INLINE 15', 'BAHADOPI', '陕汽赠送配件1#', null, 'DZ9118526031', 'U型螺栓', 'U type bolt', 'pc', '30', '0.00', '0.00', '', null, '0', null, '2018-09-06 19:59:30', '2018-09-06 19:59:30', 'MV UNIEVER/1812', null), ('2850', '38', 'INLINE 15', 'BAHADOPI', '陕汽赠送配件1#', null, '06.11289.0003', '台肩螺母', 'Shoulder nut', 'pc', '60', '0.00', '0.00', '', null, '0', null, '2018-09-06 19:59:30', '2018-09-06 19:59:30', 'MV UNIEVER/1812', null), ('2851', '38', 'INLINE 15', 'BAHADOPI', '陕汽赠送配件1#', null, 'DZ9X259360013', '不锈钢金属软管（400）', 'Stainless steel metal hose (400)', 'pc', '10', '0.00', '0.00', '', null, '0', null, '2018-09-06 19:59:30', '2018-09-06 19:59:30', 'MV UNIEVER/1812', null), ('2852', '38', 'INLINE 15', 'BAHADOPI', '陕汽赠送配件1#', null, 'DZ91259527020', 'DTF六角凸缘螺母M20×1.5-10', 'DTF six angle flange nut M20 x 1.5-10', 'pc', '40', '0.00', '0.00', '', null, '0', null, '2018-09-06 19:59:30', '2018-09-06 19:59:30', 'MV UNIEVER/1812', null), ('2853', '38', 'INLINE 15', 'BAHADOPI', '陕汽赠送配件1#', null, 'SZ970000737', 'SCB_前簧左后支架', 'SCB_ reed rear left support', 'pc', '1', '0.00', '0.00', '', null, '0', null, '2018-09-06 19:59:30', '2018-09-06 19:59:30', 'MV UNIEVER/1812', null), ('2854', '38', 'INLINE 15', 'BAHADOPI', '陕汽赠送配件1#', null, 'SZ970000782', 'SCB_前簧右后支架', 'SCB_ front reed right rear bracket', 'pc', '1', '0.00', '0.00', '', null, '0', null, '2018-09-06 19:59:30', '2018-09-06 19:59:30', 'MV UNIEVER/1812', null), ('2855', '38', 'INLINE 15', 'BAHADOPI', '陕汽赠送配件1#', null, 'SZ970000736', 'SCB_前簧前支架', 'SCB_ front reed bracket', 'pc', '2', '0.00', '0.00', '', null, '0', null, '2018-09-06 19:59:30', '2018-09-06 19:59:30', 'MV UNIEVER/1812', null), ('2856', '38', 'INLINE 15', 'BAHADOPI', '陕汽赠送配件1#', null, '199100520034', '前簧吊耳总成', 'Front reed ear assembly', 'pc', '1', '0.00', '0.00', '', null, '0', null, '2018-09-06 19:59:30', '2018-09-06 19:59:30', 'MV UNIEVER/1812', null), ('2857', '38', 'INLINE 15', 'BAHADOPI', '陕汽赠送配件1#', null, '199000520078', '衬套', 'bushing', 'pc', '10', '0.00', '0.00', '', null, '0', null, '2018-09-06 19:59:30', '2018-09-06 19:59:30', 'MV UNIEVER/1812', null), ('2858', '38', 'INLINE 15', 'BAHADOPI', '陕汽赠送配件1#', null, 'Q151C1275T1F3', '六角头螺栓-细牙', 'Six angle head bolts - fine teeth', 'pc', '5', '0.00', '0.00', '', null, '0', null, '2018-09-06 19:59:30', '2018-09-06 19:59:30', 'MV UNIEVER/1812', null), ('2859', '38', 'INLINE 15', 'BAHADOPI', '陕汽赠送配件1#', null, '190003888457', '自锁螺母VM12*1.5D009808ZN', 'Self locking nut VM12*1.5D009808ZN', 'pc', '5', '0.00', '0.00', '', null, '0', null, '2018-09-06 19:59:30', '2018-09-06 19:59:30', 'MV UNIEVER/1812', null), ('2860', '38', 'INLINE 15', 'BAHADOPI', '陕汽赠送配件1#', null, 'DZ95259532213', '散热器总成', 'radiator assy', 'pc', '1', '0.00', '0.00', '', null, '0', null, '2018-09-06 19:59:30', '2018-09-06 19:59:30', 'MV UNIEVER/1812', null), ('2861', '38', 'INLINE 15', 'BAHADOPI', '陕汽赠送配件1#', null, 'DZ95259531501', '中冷器', 'Intercooler', 'pc', '1', '0.00', '0.00', '', null, '0', null, '2018-09-06 19:59:30', '2018-09-06 19:59:30', 'MV UNIEVER/1812', null), ('2862', '38', 'INLINE 15', 'BAHADOPI', '陕汽赠送配件1#', null, 'DZ95259534125', '中冷器进气管', 'Intercooler inlet pipe', 'pc', '1', '0.00', '0.00', '', null, '0', null, '2018-09-06 19:59:30', '2018-09-06 19:59:30', 'MV UNIEVER/1812', null), ('2863', '38', 'INLINE 15', 'BAHADOPI', '陕汽赠送配件1#', null, 'DZ9003533115', 'T型卡箍', 'T type clamp', 'pc', '1', '0.00', '0.00', '', null, '0', null, '2018-09-06 19:59:30', '2018-09-06 19:59:30', 'MV UNIEVER/1812', null), ('2864', '38', 'INLINE 15', 'BAHADOPI', '陕汽赠送配件1#', null, 'DZ9003533084', '卡箍', 'Hoop', 'pc', '1', '0.00', '0.00', '', null, '0', null, '2018-09-06 19:59:30', '2018-09-06 19:59:30', 'MV UNIEVER/1812', null), ('2865', '38', 'INLINE 15', 'BAHADOPI', '陕汽赠送配件1#', null, 'DZ91189160151', '离合器盖总成', 'Clutch cover assembly', 'pc', '1', '0.00', '0.00', '', null, '0', null, '2018-09-06 19:59:30', '2018-09-06 19:59:30', 'MV UNIEVER/1812', null), ('2866', '38', 'INLINE 15', 'BAHADOPI', '陕汽赠送配件1#', null, 'DZ9114160035', '分离轴承', 'Separation bearing', 'pc', '2', '0.00', '0.00', '', null, '0', null, '2018-09-06 19:59:30', '2018-09-06 19:59:30', 'MV UNIEVER/1812', null), ('2867', '38', 'INLINE 15', 'BAHADOPI', '陕汽赠送配件1#', null, 'DZ91189160152', '从动盘总成', 'Slave disk assembly', 'pc', '20', '0.00', '0.00', '', null, '0', null, '2018-09-06 19:59:30', '2018-09-06 19:59:30', 'MV UNIEVER/1812', null), ('2868', '38', 'INLINE 15', 'BAHADOPI', '陕汽赠送配件1#', null, 'DZ93189230080', '离合器分泵', 'Clutch sub pump', 'pc', '2', '0.00', '0.00', '', null, '0', null, '2018-09-06 19:59:30', '2018-09-06 19:59:30', 'MV UNIEVER/1812', null), ('2869', '38', 'INLINE 15', 'BAHADOPI', '陕汽赠送配件1#', null, 'DZ96259230420', '离合器油管', 'Clutch tubing', 'pc', '5', '0.00', '0.00', '', null, '0', null, '2018-09-06 19:59:30', '2018-09-06 19:59:30', 'MV UNIEVER/1812', null), ('2870', '38', 'INLINE 15', 'BAHADOPI', '陕汽赠送配件1#', null, 'DZ9100716009', '电磁阀', 'Solenoid valve', 'pc', '5', '0.00', '0.00', '', null, '0', null, '2018-09-06 19:59:30', '2018-09-06 19:59:30', 'MV UNIEVER/1812', null), ('2871', '38', 'INLINE 15', 'BAHADOPI', '陕汽赠送配件1#', null, 'DZ95259360105', '行车继动阀', 'Driving valve', 'pc', '1', '0.00', '0.00', '', null, '0', null, '2018-09-06 19:59:30', '2018-09-06 19:59:30', 'MV UNIEVER/1812', null), ('2872', '38', 'INLINE 15', 'BAHADOPI', '陕汽赠送配件1#', null, '81.52151.6094', '四回路保护阀', 'Four loop protection valve', 'pc', '1', '0.00', '0.00', '', null, '0', null, '2018-09-06 19:59:30', '2018-09-06 19:59:30', 'MV UNIEVER/1812', null), ('2873', '38', 'INLINE 15', 'BAHADOPI', '陕汽赠送配件1#', null, '81.52101.6269', '限压阀', 'Pressure limiting valve', 'pc', '1', '0.00', '0.00', '', null, '0', null, '2018-09-06 19:59:30', '2018-09-06 19:59:30', 'MV UNIEVER/1812', null), ('2874', '38', 'INLINE 15', 'BAHADOPI', '陕汽赠送配件1#', null, 'DZ95189362020', '滤油型空气干燥器', 'Oil filter air dryer', 'pc', '1', '0.00', '0.00', '', null, '0', null, '2018-09-06 19:59:30', '2018-09-06 19:59:30', 'MV UNIEVER/1812', null), ('2875', '38', 'INLINE 15', 'BAHADOPI', '陕汽赠送配件1#', null, 'DZ95259360106', '驻车继动阀', 'Vehicle relay valve', 'pc', '1', '0.00', '0.00', '', null, '0', null, '2018-09-06 19:59:30', '2018-09-06 19:59:30', 'MV UNIEVER/1812', null), ('2876', '38', 'INLINE 15', 'BAHADOPI', '陕汽赠送配件1#', null, 'DZ96259240326', '换挡软轴总成', 'Shifting soft shaft assembly', 'pc', '1', '0.00', '0.00', '', null, '0', null, '2018-09-06 19:59:30', '2018-09-06 19:59:30', 'MV UNIEVER/1812', null), ('2877', '38', 'INLINE 15', 'BAHADOPI', '陕汽赠送配件1#', null, 'DZ96259240321', '选挡软轴总成', 'Shield soft shaft assembly', 'pc', '1', '0.00', '0.00', '', null, '0', null, '2018-09-06 19:59:30', '2018-09-06 19:59:30', 'MV UNIEVER/1812', null), ('2878', '38', 'INLINE 15', 'BAHADOPI', '陕汽赠送配件1#', null, 'BY1000424916', '燃油精滤芯', 'Fuel fine filter core', 'pc', '22', '0.00', '0.00', '', null, '0', null, '2018-09-06 19:59:30', '2018-09-06 19:59:30', 'MV UNIEVER/1812', null), ('2879', '38', 'INLINE 15', 'BAHADOPI', '陕汽赠送配件1#', null, 'BY1000424655', '机油滤清器滤芯', 'Oil filter cartridge', 'pc', '80', '0.00', '0.00', '', null, '0', null, '2018-09-06 19:59:30', '2018-09-06 19:59:30', 'MV UNIEVER/1812', null), ('2880', '38', 'INLINE 15', 'BAHADOPI', '陕汽赠送配件1#', null, 'BY1000442956', '燃油精滤芯', 'Fuel fine filter core', 'pc', '80', '0.00', '0.00', '', null, '0', null, '2018-09-06 19:59:30', '2018-09-06 19:59:30', 'MV UNIEVER/1812', null), ('2881', '38', 'INLINE 15', 'BAHADOPI', '陕汽赠送配件1#', null, 'BY1000424922', '燃油粗滤器', 'Fuel oil filter', 'pc', '5', '0.00', '0.00', '', null, '0', null, '2018-09-06 19:59:30', '2018-09-06 19:59:30', 'MV UNIEVER/1812', null), ('2882', '38', 'INLINE 15', 'BAHADOPI', '陕汽赠送配件1#', null, 'DZ9118190230X-FG', '空滤器滤芯（弗列加）', 'Filter core of air filter (Flega)', 'pc', '2', '0.00', '0.00', '', null, '0', null, '2018-09-06 19:59:30', '2018-09-06 19:59:30', 'MV UNIEVER/1812', null), ('2883', '38', 'INLINE 15', 'BAHADOPI', '陕汽赠送配件1#', null, 'BY612600020208', '飞轮齿圈', 'Flywheel gear ring', 'pc', '1', '0.00', '0.00', '', null, '0', null, '2018-09-06 19:59:30', '2018-09-06 19:59:30', 'MV UNIEVER/1812', null), ('2884', '38', 'INLINE 15', 'BAHADOPI', '陕汽赠送配件1#', null, 'BY612600020220', '飞轮', 'Free wheel', 'pc', '1', '0.00', '0.00', '', null, '0', null, '2018-09-06 19:59:30', '2018-09-06 19:59:30', 'MV UNIEVER/1812', null), ('2885', '38', 'INLINE 15', 'BAHADOPI', '陕汽赠送配件1#', null, '81.97610.0115', '回位弹簧', 'Return spring', 'pc', '10', '0.00', '0.00', '', null, '0', null, '2018-09-06 19:59:30', '2018-09-06 19:59:30', 'MV UNIEVER/1812', null), ('2886', '38', 'INLINE 15', 'BAHADOPI', '陕汽赠送配件1#', null, '81.46711.6725', '横拉杆', 'Cross bar', 'pc', '2', '0.00', '0.00', '', null, '0', null, '2018-09-06 19:59:30', '2018-09-06 19:59:30', 'MV UNIEVER/1812', null), ('2887', '38', 'INLINE 15', 'BAHADOPI', '陕汽赠送配件1#', null, 'DZ9112340227', '轮毂油封（包含199012340113/199012340114）', 'Hub oil seal (including 199012340113/199012340114)', 'pc', '2', '0.00', '0.00', '', null, '0', null, '2018-09-06 19:59:30', '2018-09-06 19:59:30', 'MV UNIEVER/1812', null), ('2888', '38', 'INLINE 15', 'BAHADOPI', '陕汽赠送配件1#', null, 'DZ9112340228', '轮毂油封（包含199012340113/199012340114）', 'Hub oil seal (including 199012340113/199012340114)', 'pc', '2', '0.00', '0.00', '', null, '0', null, '2018-09-06 19:59:30', '2018-09-06 19:59:30', 'MV UNIEVER/1812', null), ('2889', '38', 'INLINE 15', 'BAHADOPI', '陕汽赠送配件1#', null, 'DZ9112320920', '主减油封', 'Main oil reducing seal', 'pc', '2', '0.00', '0.00', '', null, '0', null, '2018-09-06 19:59:30', '2018-09-06 19:59:30', 'MV UNIEVER/1812', null);
INSERT INTO `iel_entry_detail` VALUES ('2890', '38', 'INLINE 15', 'BAHADOPI', '陕汽赠送配件1#', null, 'DZ9114320138', '贯通轴', 'driving shaft', 'pc', '2', '0.00', '0.00', '', null, '0', null, '2018-09-06 19:59:30', '2018-09-06 19:59:30', 'MV UNIEVER/1812', null), ('2891', '38', 'INLINE 15', 'BAHADOPI', '陕汽赠送配件1#', null, 'HD90149326033', '四点接触球轴承', 'Four point contact ball bearing', 'pc', '2', '0.00', '0.00', '', null, '0', null, '2018-09-06 19:59:30', '2018-09-06 19:59:30', 'MV UNIEVER/1812', null), ('2892', '38', 'INLINE 15', 'BAHADOPI', '陕汽赠送配件1#', null, 'DZ9114320902', '贯通轴油封', 'Transfixion shaft oil seal', 'pc', '2', '0.00', '0.00', '', null, '0', null, '2018-09-06 19:59:30', '2018-09-06 19:59:30', 'MV UNIEVER/1812', null), ('2893', '38', 'INLINE 15', 'BAHADOPI', '陕汽赠送配件1#', null, 'BSQH50-G18331', '取力器总成', 'Force generator assembly', 'pc', '1', '0.00', '0.00', '', null, '0', null, '2018-09-06 19:59:30', '2018-09-06 19:59:30', 'MV UNIEVER/1812', null), ('2894', '38', 'INLINE 15', 'BAHADOPI', '陕汽赠送配件2#', null, 'DZ9118526032', 'U型螺栓', 'U type bolt', 'pc', '30', '0.00', '0.00', '', null, '0', null, '2018-09-06 19:59:30', '2018-09-06 19:59:30', 'MV UNIEVER/1812', null), ('2895', '38', 'INLINE 15', 'BAHADOPI', '陕汽赠送配件2#', null, 'SZ970000796ZXS', '中心螺拴', 'Central screw', 'pc', '30', '0.00', '0.00', '', null, '0', null, '2018-09-06 19:59:30', '2018-09-06 19:59:30', 'MV UNIEVER/1812', null), ('2896', '38', 'INLINE 15', 'BAHADOPI', '陕汽赠送配件2#', null, 'DZ9118520124', '后簧骑马螺栓', 'Rear spring horseback bolt', 'pc', '20', '0.00', '0.00', '', null, '0', null, '2018-09-06 19:59:30', '2018-09-06 19:59:30', 'MV UNIEVER/1812', null), ('2897', '38', 'INLINE 15', 'BAHADOPI', '陕汽赠送配件2#', null, 'DZ91259527024', 'DTF六角凸缘螺母M24×1.5-10', 'DTF six angle flange nut M24 x 1.5-10', 'pc', '60', '0.00', '0.00', '', null, '0', null, '2018-09-06 19:59:30', '2018-09-06 19:59:30', 'MV UNIEVER/1812', null), ('2898', '38', 'INLINE 15', 'BAHADOPI', '陕汽赠送配件2#', null, 'DZ9114520240ZXS', '中心螺栓带螺母', 'Center bolt with nut', 'pc', '40', '0.00', '0.00', '', null, '0', null, '2018-09-06 19:59:30', '2018-09-06 19:59:30', 'MV UNIEVER/1812', null), ('2899', '38', 'INLINE 15', 'BAHADOPI', '陕汽赠送配件2#', null, '81.45501.0102', '车轮螺栓', 'Wheel bolt', 'pc', '100', '0.00', '0.00', '', null, '0', null, '2018-09-06 19:59:30', '2018-09-06 19:59:30', 'MV UNIEVER/1812', null), ('2900', '38', 'INLINE 15', 'BAHADOPI', '陕汽赠送配件2#', null, 'DZ95189611300', '车轮螺母', 'Wheel nut', 'pc', '100', '0.00', '0.00', '', null, '0', null, '2018-09-06 19:59:30', '2018-09-06 19:59:30', 'MV UNIEVER/1812', null), ('2901', '38', 'INLINE 15', 'BAHADOPI', '陕汽赠送配件2#', null, 'H150A22120BZF3', '车轮螺栓', 'Wheel bolt', 'pc', '88', '0.00', '0.00', '', null, '0', null, '2018-09-06 19:59:30', '2018-09-06 19:59:30', 'MV UNIEVER/1812', null), ('2902', '38', 'INLINE 15', 'BAHADOPI', '陕汽赠送配件2#', null, 'DZ95189611300', '车轮螺母', 'Wheel nut', 'pc', '88', '0.00', '0.00', '', null, '0', null, '2018-09-06 19:59:30', '2018-09-06 19:59:30', 'MV UNIEVER/1812', null), ('2903', '38', 'INLINE 15', 'BAHADOPI', '陕汽赠送配件2#', null, 'DZ95259520100', '六角螺栓', 'Hexagon bolt', 'pc', '10', '0.00', '0.00', '', null, '0', null, '2018-09-06 19:59:30', '2018-09-06 19:59:30', 'MV UNIEVER/1812', null), ('2904', '38', 'INLINE 15', 'BAHADOPI', '陕汽赠送配件2#', null, 'SZ952000773', '六角头螺栓', 'Hexagon headed bolt', 'pc', '9', '0.00', '0.00', '', null, '0', null, '2018-09-06 19:59:30', '2018-09-06 19:59:30', 'MV UNIEVER/1812', null), ('2905', '38', 'INLINE 15', 'BAHADOPI', '陕汽赠送配件2#', null, 'SZ952000772', '六角头螺栓', 'Hexagon headed bolt', 'pc', '10', '0.00', '0.00', '', null, '0', null, '2018-09-06 19:59:30', '2018-09-06 19:59:30', 'MV UNIEVER/1812', null), ('2906', '38', 'INLINE 15', 'BAHADOPI', '陕汽赠送配件2#', null, 'SZ952000771', '六角头螺栓', 'Hexagon headed bolt', 'pc', '10', '0.00', '0.00', '', null, '0', null, '2018-09-06 19:59:30', '2018-09-06 19:59:30', 'MV UNIEVER/1812', null), ('2907', '38', 'INLINE 15', 'BAHADOPI', '陕汽赠送配件2#', null, '168000520050', '垫圈', 'Gasket', 'pc', '21', '0.00', '0.00', '', null, '0', null, '2018-09-06 19:59:30', '2018-09-06 19:59:30', 'MV UNIEVER/1812', null), ('2908', '38', 'INLINE 15', 'BAHADOPI', '陕汽赠送配件2#', null, 'DZ9100520065', '弹簧销', 'Spring pin', 'pc', '10', '0.00', '0.00', '', null, '0', null, '2018-09-06 19:59:30', '2018-09-06 19:59:30', 'MV UNIEVER/1812', null), ('2909', '38', 'INLINE 15', 'BAHADOPI', '陕汽赠送配件2#', null, 'DZ9100520007', '弹簧销', 'Spring pin', 'pc', '5', '0.00', '0.00', '', null, '0', null, '2018-09-06 19:59:30', '2018-09-06 19:59:30', 'MV UNIEVER/1812', null), ('2910', '38', 'INLINE 15', 'BAHADOPI', '陕汽赠送配件2#', null, 'DZ93259535332', '内氟外硅胶管', 'Internal fluorine external silicon rubber hose', 'pc', '1', '0.00', '0.00', '', null, '0', null, '2018-09-06 19:59:30', '2018-09-06 19:59:30', 'MV UNIEVER/1812', null), ('2911', '38', 'INLINE 15', 'BAHADOPI', '陕汽赠送配件2#', null, 'DZ95259535815', '中冷器出水管', 'Outlet pipe of medium cooler', 'pc', '1', '0.00', '0.00', '', null, '0', null, '2018-09-06 19:59:30', '2018-09-06 19:59:30', 'MV UNIEVER/1812', null), ('2912', '38', 'INLINE 15', 'BAHADOPI', '陕汽赠送配件2#', null, 'DZ93259535306', '内氟外硅胶管', 'Internal fluorine external silicon rubber hose', 'pc', '1', '0.00', '0.00', '', null, '0', null, '2018-09-06 19:59:30', '2018-09-06 19:59:30', 'MV UNIEVER/1812', null), ('2913', '38', 'INLINE 15', 'BAHADOPI', '陕汽赠送配件2#', null, 'DZ95259535407', '散热器进水胶管', 'Radiator inlet hose', 'pc', '1', '0.00', '0.00', '', null, '0', null, '2018-09-06 19:59:30', '2018-09-06 19:59:30', 'MV UNIEVER/1812', null), ('2914', '38', 'INLINE 15', 'BAHADOPI', '陕汽赠送配件2#', null, 'DZ95259535508', '散热器出水胶管', 'Radiator effluent hose', 'pc', '1', '0.00', '0.00', '', null, '0', null, '2018-09-06 19:59:30', '2018-09-06 19:59:30', 'MV UNIEVER/1812', null), ('2915', '38', 'INLINE 15', 'BAHADOPI', '陕汽赠送配件2#', null, 'DZ93259820057', '高压软管', 'High pressure hose', 'pc', '1', '0.00', '0.00', '', null, '0', null, '2018-09-06 19:59:30', '2018-09-06 19:59:30', 'MV UNIEVER/1812', null), ('2916', '38', 'INLINE 15', 'BAHADOPI', '陕汽赠送配件2#', null, 'DZ93259820053', '油管', 'Oil pipe', 'pc', '1', '0.00', '0.00', '', null, '0', null, '2018-09-06 19:59:30', '2018-09-06 19:59:30', 'MV UNIEVER/1812', null), ('2917', '38', 'INLINE 15', 'BAHADOPI', '陕汽赠送配件2#', null, 'DZ93259820058', '高压软管', 'High pressure hose', 'pc', '1', '0.00', '0.00', '', null, '0', null, '2018-09-06 19:59:30', '2018-09-06 19:59:30', 'MV UNIEVER/1812', null), ('2918', '38', 'INLINE 15', 'BAHADOPI', '陕汽赠送配件2#', null, 'SZ144000004', '高压软管', 'High pressure hose', 'pc', '1', '0.00', '0.00', '', null, '0', null, '2018-09-06 19:59:30', '2018-09-06 19:59:30', 'MV UNIEVER/1812', null), ('2919', '38', 'INLINE 15', 'BAHADOPI', '陕汽赠送配件2#', null, 'SZ144000002', '高压软管', 'High pressure hose', 'pc', '1', '0.00', '0.00', '', null, '0', null, '2018-09-06 19:59:30', '2018-09-06 19:59:30', 'MV UNIEVER/1812', null), ('2920', '38', 'INLINE 15', 'BAHADOPI', '陕汽赠送配件2#', null, 'DZ93259820054', '油管', 'Oil pipe', 'pc', '1', '0.00', '0.00', '', null, '0', null, '2018-09-06 19:59:30', '2018-09-06 19:59:30', 'MV UNIEVER/1812', null), ('2921', '38', 'INLINE 15', 'BAHADOPI', '陕汽赠送配件2#', null, 'DZ93189230090', '离合器总泵及储液罐总成', 'General clutch pump and liquid storage tank assembly', 'pc', '3', '0.00', '0.00', '', null, '0', null, '2018-09-06 19:59:30', '2018-09-06 19:59:30', 'MV UNIEVER/1812', null), ('2922', '38', 'INLINE 15', 'BAHADOPI', '陕汽赠送配件2#', null, '81.52160.6115', '电磁阀', 'Solenoid valve', 'pc', '5', '0.00', '0.00', '', null, '0', null, '2018-09-06 19:59:30', '2018-09-06 19:59:30', 'MV UNIEVER/1812', null), ('2923', '38', 'INLINE 15', 'BAHADOPI', '陕汽赠送配件2#', null, '81.52120.6081', '带单向阀的五通分气接头', 'Five joint gas joint with one way valve', 'pc', '1', '0.00', '0.00', '', null, '0', null, '2018-09-06 19:59:30', '2018-09-06 19:59:30', 'MV UNIEVER/1812', null), ('2924', '38', 'INLINE 15', 'BAHADOPI', '陕汽赠送配件2#', null, '81.51260.6054', '放水阀', 'Water release valve', 'pc', '1', '0.00', '0.00', '', null, '0', null, '2018-09-06 19:59:30', '2018-09-06 19:59:30', 'MV UNIEVER/1812', null), ('2925', '38', 'INLINE 15', 'BAHADOPI', '陕汽赠送配件2#', null, 'DZ95189360070', '塑料七通分气接头', 'Plastic seven joint gas joint', 'pc', '1', '0.00', '0.00', '', null, '0', null, '2018-09-06 19:59:30', '2018-09-06 19:59:30', 'MV UNIEVER/1812', null), ('2926', '38', 'INLINE 15', 'BAHADOPI', '陕汽赠送配件2#', null, 'DZ97189711310', '气压开关', 'Barometric switch', 'pc', '1', '0.00', '0.00', '', null, '0', null, '2018-09-06 19:59:30', '2018-09-06 19:59:30', 'MV UNIEVER/1812', null), ('2927', '38', 'INLINE 15', 'BAHADOPI', '陕汽赠送配件2#', null, 'BY612600061360', '10PK多楔带', '10PK multi wedge band', 'pc', '4', '0.00', '0.00', '', null, '0', null, '2018-09-06 19:59:30', '2018-09-06 19:59:30', 'MV UNIEVER/1812', null), ('2928', '38', 'INLINE 15', 'BAHADOPI', '陕汽赠送配件2#', null, 'BY612600090600', '汽车多楔带', 'Automobile multi wedge belt', 'pc', '4', '0.00', '0.00', '', null, '0', null, '2018-09-06 19:59:30', '2018-09-06 19:59:30', 'MV UNIEVER/1812', null), ('2929', '38', 'INLINE 15', 'BAHADOPI', '陕汽赠送配件2#', null, 'BY90003311416', '向心球轴承DIN62563052RS(180305)', 'Centripetal ball bearing DIN62563052RS (180305)', 'pc', '2', '0.00', '0.00', '', null, '0', null, '2018-09-06 19:59:30', '2018-09-06 19:59:30', 'MV UNIEVER/1812', null), ('2930', '38', 'INLINE 15', 'BAHADOPI', '陕汽赠送配件2#', null, 'BSF99660', '双H气阀', 'Double H valve', 'pc', '4', '0.00', '0.00', '', null, '0', null, '2018-09-06 19:59:30', '2018-09-06 19:59:30', 'MV UNIEVER/1812', null), ('2931', '38', 'INLINE 15', 'BAHADOPI', '陕汽赠送配件2#', null, 'BS990.12.71.0041-3', '压力开关0041-3', 'Pressure switch 0041-3', 'pc', '1', '0.00', '0.00', '', null, '0', null, '2018-09-06 19:59:30', '2018-09-06 19:59:30', 'MV UNIEVER/1812', null), ('2932', '38', 'INLINE 15', 'BAHADOPI', '陕汽赠送配件2#', null, 'BS19109-2', '油封总成', 'Oil seal assembly', 'pc', '4', '0.00', '0.00', '', null, '0', null, '2018-09-06 19:59:30', '2018-09-06 19:59:30', 'MV UNIEVER/1812', null), ('2933', '38', 'INLINE 15', 'BAHADOPI', '陕汽赠送配件2#', null, 'BS717813', '轴承', 'Bearing', 'pc', '2', '0.00', '0.00', '', null, '0', null, '2018-09-06 19:59:30', '2018-09-06 19:59:30', 'MV UNIEVER/1812', null), ('2934', '38', 'INLINE 15', 'BAHADOPI', '陕汽赠送配件2#', null, 'BSA-C09005', '同步器总成', 'Synchronizer assembly', 'pc', '1', '0.00', '0.00', '', null, '0', null, '2018-09-06 19:59:30', '2018-09-06 19:59:30', 'MV UNIEVER/1812', null), ('2935', '38', 'INLINE 15', 'BAHADOPI', '陕汽赠送配件2#', null, 'XLB-BSXDP', '变速箱垫片修理包', 'Gearbox repair bag', 'pc', '1', '0.00', '0.00', '', null, '0', null, '2018-09-06 19:59:30', '2018-09-06 19:59:30', 'MV UNIEVER/1812', null), ('2936', '38', 'INLINE 15', 'BAHADOPI', '陕汽赠送配件2#', null, 'BSF99900-5', '法兰盘', 'Flange plate', 'pc', '1', '0.00', '0.00', '', null, '0', null, '2018-09-06 19:59:30', '2018-09-06 19:59:30', 'MV UNIEVER/1812', null), ('2937', '38', 'INLINE 15', 'BAHADOPI', '陕汽赠送配件2#', null, '81.50211.0030', '销', 'pin', 'pc', '4', '0.00', '0.00', '', null, '0', null, '2018-09-06 19:59:30', '2018-09-06 19:59:30', 'MV UNIEVER/1812', null), ('2938', '38', 'INLINE 15', 'BAHADOPI', '陕汽赠送配件2#', null, 'Q43117', '轴用弹性挡圈', 'External Circlips', 'pc', '6', '0.00', '0.00', '', null, '0', null, '2018-09-06 19:59:30', '2018-09-06 19:59:30', 'MV UNIEVER/1812', null), ('2939', '38', 'INLINE 15', 'BAHADOPI', '陕汽赠送配件2#', null, '81.50211.0018', '回位弹簧销', 'Return spring pin', 'pc', '2', '0.00', '0.00', '', null, '0', null, '2018-09-06 19:59:30', '2018-09-06 19:59:30', 'MV UNIEVER/1812', null), ('2940', '38', 'INLINE 15', 'BAHADOPI', '陕汽赠送配件2#', null, '81.50212.0032', '制动蹄销', 'Brake shoe pin', 'pc', '2', '0.00', '0.00', '', null, '0', null, '2018-09-06 19:59:30', '2018-09-06 19:59:30', 'MV UNIEVER/1812', null), ('2941', '38', 'INLINE 15', 'BAHADOPI', '陕汽赠送配件2#', null, '81.93021.0117', '衬套', 'bushing', 'pc', '4', '0.00', '0.00', '', null, '0', null, '2018-09-06 19:59:30', '2018-09-06 19:59:30', 'MV UNIEVER/1812', null), ('2942', '38', 'INLINE 15', 'BAHADOPI', '陕汽赠送配件2#', null, '06.32819.0017', '滚子轴承', 'roller bearing', 'pc', '3', '0.00', '0.00', '', null, '0', null, '2018-09-06 19:59:30', '2018-09-06 19:59:30', 'MV UNIEVER/1812', null), ('2943', '38', 'INLINE 15', 'BAHADOPI', '陕汽赠送配件2#', null, 'HD95009410054', '转向节主销', 'Steering knuckle main pin', 'pc', '2', '0.00', '0.00', '', null, '0', null, '2018-09-06 19:59:30', '2018-09-06 19:59:30', 'MV UNIEVER/1812', null), ('2944', '38', 'INLINE 15', 'BAHADOPI', '陕汽赠送配件2#', null, '199112340049', '回位簧', 'Reed spring', 'pc', '10', '0.00', '0.00', '', null, '0', null, '2018-09-06 19:59:30', '2018-09-06 19:59:30', 'MV UNIEVER/1812', null), ('2945', '38', 'INLINE 15', 'BAHADOPI', '陕汽赠送配件2#', null, '188000440032', '回位簧销', 'Reed spring pin', 'pc', '2', '0.00', '0.00', '', null, '0', null, '2018-09-06 19:59:30', '2018-09-06 19:59:30', 'MV UNIEVER/1812', null), ('2946', '38', 'INLINE 15', 'BAHADOPI', '陕汽赠送配件2#', null, '199000340027', '滚轮', 'Roller', 'pc', '2', '0.00', '0.00', '', null, '0', null, '2018-09-06 19:59:30', '2018-09-06 19:59:30', 'MV UNIEVER/1812', null), ('2947', '38', 'INLINE 15', 'BAHADOPI', '陕汽赠送配件2#', null, '199012340020', '密封垫圈', 'Sealing washer', 'pc', '2', '0.00', '0.00', '', null, '0', null, '2018-09-06 19:59:30', '2018-09-06 19:59:30', 'MV UNIEVER/1812', null), ('2948', '38', 'INLINE 15', 'BAHADOPI', '陕汽赠送配件2#', null, '199012340027', 'O形密封圈', 'O shaped seal ring', 'pc', '2', '0.00', '0.00', '', null, '0', null, '2018-09-06 19:59:30', '2018-09-06 19:59:30', 'MV UNIEVER/1812', null), ('2949', '38', 'INLINE 15', 'BAHADOPI', '陕汽赠送配件2#', null, '199014320141', '油封座', 'Oil seal seat', 'pc', '2', '0.00', '0.00', '', null, '0', null, '2018-09-06 19:59:30', '2018-09-06 19:59:30', 'MV UNIEVER/1812', null), ('2950', '38', 'INLINE 15', 'BAHADOPI', '陕汽赠送配件3#', null, 'DZ9118190230X-FG', '空滤器滤芯（弗列加）', 'Filter core of air filter (Flega)', 'pc', '2', '0.00', '0.00', '', null, '0', null, '2018-09-06 19:59:30', '2018-09-06 19:59:30', 'MV UNIEVER/1812', null), ('2951', '38', 'INLINE 15', 'BAHADOPI', '腾翼工具1#', null, 'TZ700501C', '空压机', 'Air compressor', 'pc', '1', '0.00', '0.00', '', null, '0', null, '2018-09-06 19:59:30', '2018-09-06 19:59:30', 'MV UNIEVER/1812', null), ('2952', '38', 'INLINE 15', 'BAHADOPI', '腾翼工具1#', null, 'TZ700512', '中风炮(带管线）', 'Stroke cannon (with pipeline)', 'pc', '1', '0.00', '0.00', '', null, '0', null, '2018-09-06 19:59:30', '2018-09-06 19:59:30', 'MV UNIEVER/1812', null), ('2953', '38', 'INLINE 15', 'BAHADOPI', '腾翼工具1#', null, 'TZ700509', 'B16风扳机（小风炮）', 'B16 wind trigger (small wind gun)', 'pc', '1', '0.00', '0.00', '', null, '0', null, '2018-09-06 19:59:30', '2018-09-06 19:59:30', 'MV UNIEVER/1812', null), ('2954', '38', 'INLINE 15', 'BAHADOPI', '腾翼工具1#', null, 'TZ-TY0403', '带柄铁锤  8磅', 'Hammer with handle 8 lbs', 'pc', '1', '0.00', '0.00', '', null, '0', null, '2018-09-06 19:59:30', '2018-09-06 19:59:30', 'MV UNIEVER/1812', null), ('2955', '38', 'INLINE 15', 'BAHADOPI', '腾翼工具1#', null, 'TZ700718', '气动液压千斤顶', 'Pneumatic hydraulic jack', 'pc', '1', '0.00', '0.00', '', null, '0', null, '2018-09-06 19:59:30', '2018-09-06 19:59:30', 'MV UNIEVER/1812', null), ('2956', '38', 'INLINE 15', 'BAHADOPI', '腾翼工具1#', null, '大风炮套筒（21#-46#）', '大风炮套筒（21#-46#）', 'Large wind gun sleeve (21#-46#)', 'pc', '1', '0.00', '0.00', '', null, '0', null, '2018-09-06 19:59:30', '2018-09-06 19:59:30', 'MV UNIEVER/1812', null), ('2957', '38', 'INLINE 15', 'BAHADOPI', '腾翼工具1#', null, '', '中风炮套筒（19#-41#）', 'Medium wind gun sleeve (19#-41#)', 'pc', '1', '0.00', '0.00', '', null, '0', null, '2018-09-06 19:59:30', '2018-09-06 19:59:30', 'MV UNIEVER/1812', null), ('2958', '38', 'INLINE 15', 'BAHADOPI', '腾翼工具1#', null, '', '小风炮套筒（8#-36#）', 'Small wind gun sleeve (8#-36#)', 'pc', '1', '0.00', '0.00', '', null, '0', null, '2018-09-06 19:59:30', '2018-09-06 19:59:30', 'MV UNIEVER/1812', null), ('2959', '38', 'INLINE 15', 'BAHADOPI', '腾翼工具1#', null, 'TZ-SD09037', '6件全抛光套筒开口扳手组套', '6 full polished sleeve open end wrench sets', 'pc', '1', '0.00', '0.00', '', null, '0', null, '2018-09-06 19:59:30', '2018-09-06 19:59:30', 'MV UNIEVER/1812', null), ('2960', '38', 'INLINE 15', 'BAHADOPI', '腾翼工具1#', null, 'TZ-SD40203', '两用扳手8MM', 'Combination wrench 8mm', 'pc', '2', '0.00', '0.00', '', null, '0', null, '2018-09-06 19:59:30', '2018-09-06 19:59:30', 'MV UNIEVER/1812', null), ('2961', '38', 'INLINE 15', 'BAHADOPI', '腾翼工具1#', null, 'TZ-SD40205', '两用扳手10MM', 'Combination wrench 10mm', 'pc', '2', '0.00', '0.00', '', null, '0', null, '2018-09-06 19:59:30', '2018-09-06 19:59:30', 'MV UNIEVER/1812', null), ('2962', '38', 'INLINE 15', 'BAHADOPI', '腾翼工具1#', null, 'TZ-SD40207', '两用扳手12MM', 'Combination wrench 12mm', 'pc', '2', '0.00', '0.00', '', null, '0', null, '2018-09-06 19:59:30', '2018-09-06 19:59:30', 'MV UNIEVER/1812', null), ('2963', '38', 'INLINE 15', 'BAHADOPI', '腾翼工具1#', null, 'TZ-SD40208', '两用扳手13MM', 'Combination wrench 13mm', 'pc', '2', '0.00', '0.00', '', null, '0', null, '2018-09-06 19:59:30', '2018-09-06 19:59:30', 'MV UNIEVER/1812', null), ('2964', '38', 'INLINE 15', 'BAHADOPI', '腾翼工具1#', null, 'TZ-SD40211', '两用扳手16MM', 'Combination wrench 16mm', 'pc', '2', '0.00', '0.00', '', null, '0', null, '2018-09-06 19:59:30', '2018-09-06 19:59:30', 'MV UNIEVER/1812', null), ('2965', '38', 'INLINE 15', 'BAHADOPI', '腾翼工具1#', null, 'TZ-SD40212', '两用扳手17MM', 'Combination wrench 17mm', 'pc', '2', '0.00', '0.00', '', null, '0', null, '2018-09-06 19:59:30', '2018-09-06 19:59:30', 'MV UNIEVER/1812', null), ('2966', '38', 'INLINE 15', 'BAHADOPI', '腾翼工具1#', null, 'TZ-SD40209', '两用扳手14MM', 'Combination wrench 14mm', 'pc', '2', '0.00', '0.00', '', null, '0', null, '2018-09-06 19:59:30', '2018-09-06 19:59:30', 'MV UNIEVER/1812', null), ('2967', '38', 'INLINE 15', 'BAHADOPI', '腾翼工具1#', null, 'TZ-SD40213', '两用扳手18MM', 'Combination wrench 18mm', 'pc', '2', '0.00', '0.00', '', null, '0', null, '2018-09-06 19:59:30', '2018-09-06 19:59:30', 'MV UNIEVER/1812', null), ('2968', '38', 'INLINE 15', 'BAHADOPI', '腾翼工具1#', null, 'TZ-SD40214', '两用扳手19MM', 'Combination wrench 19mm', 'pc', '2', '0.00', '0.00', '', null, '0', null, '2018-09-06 19:59:30', '2018-09-06 19:59:30', 'MV UNIEVER/1812', null), ('2969', '38', 'INLINE 15', 'BAHADOPI', '腾翼工具1#', null, 'TZ-SD40216', '两用扳手21MM', 'Combination wrench 21mm', 'pc', '2', '0.00', '0.00', '', null, '0', null, '2018-09-06 19:59:30', '2018-09-06 19:59:30', 'MV UNIEVER/1812', null), ('2970', '38', 'INLINE 15', 'BAHADOPI', '腾翼工具1#', null, 'TZ-SD40217', '两用扳手22MM', 'Combination wrench 22mm', 'pc', '2', '0.00', '0.00', '', null, '0', null, '2018-09-06 19:59:30', '2018-09-06 19:59:30', 'MV UNIEVER/1812', null), ('2971', '38', 'INLINE 15', 'BAHADOPI', '腾翼工具1#', null, 'TZ-SD40219', '两用扳手24MM', 'Combination wrench 24mm', 'pc', '2', '0.00', '0.00', '', null, '0', null, '2018-09-06 19:59:30', '2018-09-06 19:59:30', 'MV UNIEVER/1812', null), ('2972', '38', 'INLINE 15', 'BAHADOPI', '腾翼工具1#', null, 'TZ-SD40221', '两用扳手27MM', 'Combination wrench 27mm', 'pc', '2', '0.00', '0.00', '', null, '0', null, '2018-09-06 19:59:30', '2018-09-06 19:59:30', 'MV UNIEVER/1812', null), ('2973', '38', 'INLINE 15', 'BAHADOPI', '腾翼工具1#', null, 'TZ-SD40222', '两用扳手30MM', 'Combination wrench 30mm', 'pc', '2', '0.00', '0.00', '', null, '0', null, '2018-09-06 19:59:30', '2018-09-06 19:59:30', 'MV UNIEVER/1812', null), ('2974', '38', 'INLINE 15', 'BAHADOPI', '腾翼工具1#', null, 'TZ-SD40223', '两用扳手32MM', 'Combination wrench 32mm', 'pc', '2', '0.00', '0.00', '', null, '0', null, '2018-09-06 19:59:30', '2018-09-06 19:59:30', 'MV UNIEVER/1812', null), ('2975', '38', 'INLINE 15', 'BAHADOPI', '腾翼工具1#', null, 'TZ-SD40241', '雾面两用扳手34mm40241', 'Matte combination wrench 34mm40241', 'pc', '2', '0.00', '0.00', '', null, '0', null, '2018-09-06 19:59:30', '2018-09-06 19:59:30', 'MV UNIEVER/1812', null), ('2976', '38', 'INLINE 15', 'BAHADOPI', '腾翼工具1#', null, 'TZ-SD40243', '雾面两用扳手36mm40243', 'Matte combination wrench 36mm40243', 'pc', '2', '0.00', '0.00', '', null, '0', null, '2018-09-06 19:59:30', '2018-09-06 19:59:30', 'MV UNIEVER/1812', null), ('2977', '38', 'INLINE 15', 'BAHADOPI', '腾翼工具1#', null, 'TZ-SD42201', '梅花扳手8*10MM', 'Box Wrench 8*10MM', 'pc', '2', '0.00', '0.00', '', null, '0', null, '2018-09-06 19:59:30', '2018-09-06 19:59:30', 'MV UNIEVER/1812', null), ('2978', '38', 'INLINE 15', 'BAHADOPI', '腾翼工具1#', null, 'TZ-SD42202', '梅花扳手10*12MM', 'Box Wrench10*12MM', 'pc', '2', '0.00', '0.00', '', null, '0', null, '2018-09-06 19:59:30', '2018-09-06 19:59:30', 'MV UNIEVER/1812', null), ('2979', '38', 'INLINE 15', 'BAHADOPI', '腾翼工具1#', null, 'TZ-SD42204', '梅花扳手12*14MM', 'Box Wrench12*14MM', 'pc', '2', '0.00', '0.00', '', null, '0', null, '2018-09-06 19:59:30', '2018-09-06 19:59:30', 'MV UNIEVER/1812', null), ('2980', '38', 'INLINE 15', 'BAHADOPI', '腾翼工具1#', null, 'TZ-SD42224', '梅花扳手13*16MM', 'Box Wrench13*16MM', 'pc', '2', '0.00', '0.00', '', null, '0', null, '2018-09-06 19:59:30', '2018-09-06 19:59:30', 'MV UNIEVER/1812', null), ('2981', '38', 'INLINE 15', 'BAHADOPI', '腾翼工具1#', null, 'TZ-SD42223', '梅花扳手13*15MM', 'Box Wrench13*15MM', 'pc', '2', '0.00', '0.00', '', null, '0', null, '2018-09-06 19:59:30', '2018-09-06 19:59:30', 'MV UNIEVER/1812', null), ('2982', '38', 'INLINE 15', 'BAHADOPI', '腾翼工具1#', null, 'TZ-SD42205', '梅花扳手14*17MM', 'Box Wrench14*17MM', 'pc', '2', '0.00', '0.00', '', null, '0', null, '2018-09-06 19:59:30', '2018-09-06 19:59:30', 'MV UNIEVER/1812', null), ('2983', '38', 'INLINE 15', 'BAHADOPI', '腾翼工具1#', null, 'TZ-SD42219', '梅花扳手16*18MM', 'Box Wrench16*18MM', 'pc', '2', '0.00', '0.00', '', null, '0', null, '2018-09-06 19:59:30', '2018-09-06 19:59:30', 'MV UNIEVER/1812', null), ('2984', '38', 'INLINE 15', 'BAHADOPI', '腾翼工具1#', null, 'TZ-SD42206', '梅花扳手17*19MM', 'Box Wrench17*19MM', 'pc', '2', '0.00', '0.00', '', null, '0', null, '2018-09-06 19:59:30', '2018-09-06 19:59:30', 'MV UNIEVER/1812', null), ('2985', '38', 'INLINE 15', 'BAHADOPI', '腾翼工具1#', null, '', '公制全抛光30度双梅花扳手19MM X  21MM', 'Metric full polished 30 degree double plum wrench 19MM X 21MM', 'pc', '2', '0.00', '0.00', '', null, '0', null, '2018-09-06 19:59:30', '2018-09-06 19:59:30', 'MV UNIEVER/1812', null), ('2986', '38', 'INLINE 15', 'BAHADOPI', '腾翼工具1#', null, 'TZ-SD42209', '梅花扳手22*24MM', 'Box Wrench 22*24MM', 'pc', '2', '0.00', '0.00', '', null, '0', null, '2018-09-06 19:59:30', '2018-09-06 19:59:30', 'MV UNIEVER/1812', null), ('2987', '38', 'INLINE 15', 'BAHADOPI', '腾翼工具1#', null, 'TZ-SD42211', '梅花扳手24*27MM', 'Box Wrench 24*27MM', 'pc', '2', '0.00', '0.00', '', null, '0', null, '2018-09-06 19:59:30', '2018-09-06 19:59:30', 'MV UNIEVER/1812', null), ('2988', '38', 'INLINE 15', 'BAHADOPI', '腾翼工具1#', null, '', '全抛光双梅花扳手27x30mm42225', '', 'pc', '2', '0.00', '0.00', '', null, '0', null, '2018-09-06 19:59:30', '2018-09-06 19:59:30', 'MV UNIEVER/1812', null), ('2989', '38', 'INLINE 15', 'BAHADOPI', '腾翼工具1#', null, 'TZ-SD42212', '梅花扳手30*32MM', 'Box Wrench 30*32MM', 'pc', '2', '0.00', '0.00', '', null, '0', null, '2018-09-06 19:59:30', '2018-09-06 19:59:30', 'MV UNIEVER/1812', null), ('2990', '38', 'INLINE 15', 'BAHADOPI', '腾翼工具1#', null, '', '扳手', 'Wrench', 'pc', '2', '0.00', '0.00', '', null, '0', null, '2018-09-06 19:59:30', '2018-09-06 19:59:30', 'MV UNIEVER/1812', null), ('2991', '38', 'INLINE 15', 'BAHADOPI', '腾翼工具1#', null, '', '扳手', 'Wrench', 'pc', '2', '0.00', '0.00', '', null, '0', null, '2018-09-06 19:59:30', '2018-09-06 19:59:30', 'MV UNIEVER/1812', null), ('2992', '38', 'INLINE 15', 'BAHADOPI', '腾翼工具1#', null, 'TZ-SD41202', '开口扳手8*10MM', 'Open end wrench 8*10MM', 'pc', '2', '0.00', '0.00', '', null, '0', null, '2018-09-06 19:59:30', '2018-09-06 19:59:30', 'MV UNIEVER/1812', null), ('2993', '38', 'INLINE 15', 'BAHADOPI', '腾翼工具1#', null, 'TZ-SD41203', '开口扳手10*12MM', 'Open end wrench 10*12MM', 'pc', '2', '0.00', '0.00', '', null, '0', null, '2018-09-06 19:59:30', '2018-09-06 19:59:30', 'MV UNIEVER/1812', null), ('2994', '38', 'INLINE 15', 'BAHADOPI', '腾翼工具1#', null, 'TZ-SD41205', '开口扳手12*14MM', 'Open end wrench 12*14MM', 'pc', '2', '0.00', '0.00', '', null, '0', null, '2018-09-06 19:59:30', '2018-09-06 19:59:30', 'MV UNIEVER/1812', null), ('2995', '38', 'INLINE 15', 'BAHADOPI', '腾翼工具1#', null, '13-16', '扳手', 'Wrench', 'pc', '2', '0.00', '0.00', '', null, '0', null, '2018-09-06 19:59:30', '2018-09-06 19:59:30', 'MV UNIEVER/1812', null), ('2996', '38', 'INLINE 15', 'BAHADOPI', '腾翼工具1#', null, 'TZ-SD41218', '开口扳手13*15MM', 'Open end wrench 13*15MM', 'pc', '2', '0.00', '0.00', '', null, '0', null, '2018-09-06 19:59:30', '2018-09-06 19:59:30', 'MV UNIEVER/1812', null), ('2997', '38', 'INLINE 15', 'BAHADOPI', '腾翼工具1#', null, 'TZ-SD41206', '开口扳手14*17MM', 'Open end wrench 14*17MM', 'pc', '2', '0.00', '0.00', '', null, '0', null, '2018-09-06 19:59:30', '2018-09-06 19:59:30', 'MV UNIEVER/1812', null), ('2998', '38', 'INLINE 15', 'BAHADOPI', '腾翼工具1#', null, 'TZ-SD41214', '开口扳手16*18MM', 'Open end wrench 16*18MM', 'pc', '2', '0.00', '0.00', '', null, '0', null, '2018-09-06 19:59:30', '2018-09-06 19:59:30', 'MV UNIEVER/1812', null), ('2999', '38', 'INLINE 15', 'BAHADOPI', '腾翼工具1#', null, 'TZ-SD41207', '开口扳手17*19MM', 'Open end wrench 17*19MM', 'pc', '2', '0.00', '0.00', '', null, '0', null, '2018-09-06 19:59:30', '2018-09-06 19:59:30', 'MV UNIEVER/1812', null), ('3000', '38', 'INLINE 15', 'BAHADOPI', '腾翼工具1#', null, '18-21', '扳手', 'Wrench', 'pc', '2', '0.00', '0.00', '', null, '0', null, '2018-09-06 19:59:30', '2018-09-06 19:59:30', 'MV UNIEVER/1812', null), ('3001', '38', 'INLINE 15', 'BAHADOPI', '腾翼工具1#', null, 'TZ-SD41210', '开口扳手22*24MM', 'Open end wrench 22*24MM', 'pc', '2', '0.00', '0.00', '', null, '0', null, '2018-09-06 19:59:30', '2018-09-06 19:59:30', 'MV UNIEVER/1812', null), ('3002', '38', 'INLINE 15', 'BAHADOPI', '腾翼工具1#', null, 'TZ-SD41212', '开口扳手24*27MM', 'Open end wrench 24*27MM', 'pc', '2', '0.00', '0.00', '', null, '0', null, '2018-09-06 19:59:30', '2018-09-06 19:59:30', 'MV UNIEVER/1812', null), ('3003', '38', 'INLINE 15', 'BAHADOPI', '腾翼工具1#', null, 'TZ-SD41213', '开口扳手30*32MM', 'Open end wrench 30*32MM', 'pc', '2', '0.00', '0.00', '', null, '0', null, '2018-09-06 19:59:30', '2018-09-06 19:59:30', 'MV UNIEVER/1812', null), ('3004', '38', 'INLINE 15', 'BAHADOPI', '腾翼工具1#', null, '30-32', '扳手', 'Wrench', 'pc', '2', '0.00', '0.00', '', null, '0', null, '2018-09-06 19:59:30', '2018-09-06 19:59:30', 'MV UNIEVER/1812', null), ('3005', '38', 'INLINE 15', 'BAHADOPI', '腾翼工具1#', null, '32-34', '扳手', 'Wrench', 'pc', '2', '0.00', '0.00', '', null, '0', null, '2018-09-06 19:59:30', '2018-09-06 19:59:30', 'MV UNIEVER/1812', null), ('3006', '38', 'INLINE 15', 'BAHADOPI', '腾翼工具1#', null, '34-36', '扳手', 'Wrench', 'pc', '2', '0.00', '0.00', '', null, '0', null, '2018-09-06 19:59:30', '2018-09-06 19:59:30', 'MV UNIEVER/1812', null), ('3007', '38', 'INLINE 15', 'BAHADOPI', '腾翼工具1#', null, 'TZ-TY0701', '26件重型套筒A型', '26 pieces of heavy duty sleeve type A', 'pc', '1', '0.00', '0.00', '', null, '0', null, '2018-09-06 19:59:30', '2018-09-06 19:59:30', 'MV UNIEVER/1812', null), ('3008', '38', 'INLINE 15', 'BAHADOPI', '腾翼工具1#', null, 'TZ-TY0402', '铜手锤1磅', 'Bronze hammer 1 lb', 'pc', '1', '0.00', '0.00', '', null, '0', null, '2018-09-06 19:59:30', '2018-09-06 19:59:30', 'MV UNIEVER/1812', null), ('3009', '38', 'INLINE 15', 'BAHADOPI', '腾翼工具1#', null, 'TZ-SD63403', 'T系列一字螺丝刀 3*100MM', 'T series flat-blade screwdriver 3*100MM', 'pc', '2', '0.00', '0.00', '', null, '0', null, '2018-09-06 19:59:30', '2018-09-06 19:59:30', 'MV UNIEVER/1812', null), ('3010', '38', 'INLINE 15', 'BAHADOPI', '腾翼工具1#', null, 'TZ-SD63405', 'T系列一字螺丝刀 3*200MM', 'T series flat-blade screwdriver 3*200MM', 'pc', '2', '0.00', '0.00', '', null, '0', null, '2018-09-06 19:59:30', '2018-09-06 19:59:30', 'MV UNIEVER/1812', null), ('3011', '38', 'INLINE 15', 'BAHADOPI', '腾翼工具1#', null, 'TZ-SD63412', 'T系列一字螺丝刀 6*100MM', 'T series flat-blade screwdriver 6*100MM', 'pc', '2', '0.00', '0.00', '', null, '0', null, '2018-09-06 19:59:30', '2018-09-06 19:59:30', 'MV UNIEVER/1812', null), ('3012', '38', 'INLINE 15', 'BAHADOPI', '腾翼工具1#', null, 'TZ-SD63414', 'T系列一字螺丝刀 6*200MM', 'T series flat-blade screwdriver 6*200MM', 'pc', '2', '0.00', '0.00', '', null, '0', null, '2018-09-06 19:59:30', '2018-09-06 19:59:30', 'MV UNIEVER/1812', null), ('3013', '38', 'INLINE 15', 'BAHADOPI', '腾翼工具1#', null, 'TZ-SD63503', 'T系列十字螺丝刀 0*100MM', 'T系列十字螺丝刀 0*100MM', 'pc', '2', '0.00', '0.00', '', null, '0', null, '2018-09-06 19:59:30', '2018-09-06 19:59:30', 'MV UNIEVER/1812', null), ('3014', '38', 'INLINE 15', 'BAHADOPI', '腾翼工具1#', null, 'TZ-SD63512', 'T系列十字螺丝刀 2*100MM', 'T series Phillips screwdriver 2*100MM', 'pc', '2', '0.00', '0.00', '', null, '0', null, '2018-09-06 19:59:30', '2018-09-06 19:59:30', 'MV UNIEVER/1812', null), ('3015', '38', 'INLINE 15', 'BAHADOPI', '腾翼工具1#', null, 'TZ-SD63514', 'T系列十字螺丝刀 2*200MM', 'T系列十字螺丝刀 2*200MM', 'pc', '2', '0.00', '0.00', '', null, '0', null, '2018-09-06 19:59:30', '2018-09-06 19:59:30', 'MV UNIEVER/1812', null), ('3016', '38', 'INLINE 15', 'BAHADOPI', '腾翼工具1#', null, 'TZ-SD63517', 'T系列十字螺丝刀 3*200MM', 'T series Phillips screwdriver 3*200MM', 'pc', '2', '0.00', '0.00', '', null, '0', null, '2018-09-06 19:59:30', '2018-09-06 19:59:30', 'MV UNIEVER/1812', null), ('3017', '38', 'INLINE 15', 'BAHADOPI', '腾翼工具1#', null, 'TZ-SD70511', '鲤鱼钳6\"', 'Slipper 6\"', 'pc', '2', '0.00', '0.00', '', null, '0', null, '2018-09-06 19:59:30', '2018-09-06 19:59:30', 'MV UNIEVER/1812', null), ('3018', '38', 'INLINE 15', 'BAHADOPI', '腾翼工具1#', null, 'TZ-SD70512', '鲤鱼钳8\"', 'Slipper 8\"', 'pc', '2', '0.00', '0.00', '', null, '0', null, '2018-09-06 19:59:30', '2018-09-06 19:59:30', 'MV UNIEVER/1812', null), ('3019', '38', 'INLINE 15', 'BAHADOPI', '腾翼工具1#', null, 'TZ-SD70101A', '尖嘴钳6\"', 'Long nose pliers 6\"', 'pc', '2', '0.00', '0.00', '', null, '0', null, '2018-09-06 19:59:30', '2018-09-06 19:59:30', 'MV UNIEVER/1812', null), ('3020', '38', 'INLINE 15', 'BAHADOPI', '腾翼工具1#', null, 'TZ-SD70102A', '尖嘴钳8\"', 'Long nose pliers 8\"', 'pc', '2', '0.00', '0.00', '', null, '0', null, '2018-09-06 19:59:30', '2018-09-06 19:59:30', 'MV UNIEVER/1812', null), ('3021', '38', 'INLINE 15', 'BAHADOPI', '腾翼工具1#', null, 'TZ-SD71102', '圆口带刃大力钳7\"', 'Round mouth with pliers 7\"', 'pc', '2', '0.00', '0.00', '', null, '0', null, '2018-09-06 19:59:30', '2018-09-06 19:59:30', 'MV UNIEVER/1812', null), ('3022', '38', 'INLINE 15', 'BAHADOPI', '腾翼工具1#', null, 'TZ-SD70812', '重型管子钳8\"', 'Heavy duty pipe wrench 8\"', 'pc', '2', '0.00', '0.00', '', null, '0', null, '2018-09-06 19:59:30', '2018-09-06 19:59:30', 'MV UNIEVER/1812', null), ('3023', '38', 'INLINE 15', 'BAHADOPI', '腾翼工具1#', null, 'TZ-SD70816', '重型管子钳18\"', 'Heavy duty pipe wrench 18\"', 'pc', '2', '0.00', '0.00', '', null, '0', null, '2018-09-06 19:59:30', '2018-09-06 19:59:30', 'MV UNIEVER/1812', null), ('3024', '38', 'INLINE 15', 'BAHADOPI', '腾翼工具1#', null, 'TZ-SD70301A', '钢丝钳6\"', 'Wire cutter 6\"', 'pc', '2', '0.00', '0.00', '', null, '0', null, '2018-09-06 19:59:30', '2018-09-06 19:59:30', 'MV UNIEVER/1812', null), ('3025', '38', 'INLINE 15', 'BAHADOPI', '腾翼工具1#', null, 'TZ-SD47201', '', '', 'pc', '1', '0.00', '0.00', '', null, '0', null, '2018-09-06 19:59:30', '2018-09-06 19:59:30', 'MV UNIEVER/1812', null), ('3026', '38', 'INLINE 15', 'BAHADOPI', '腾翼工具1#', null, 'TZ-SD47202', '活动扳手6\"   150MM', 'Adjustable wrench 6\" 150MM', 'pc', '1', '0.00', '0.00', '', null, '0', null, '2018-09-06 19:59:30', '2018-09-06 19:59:30', 'MV UNIEVER/1812', null), ('3027', '38', 'INLINE 15', 'BAHADOPI', '腾翼工具1#', null, 'TZ-SD47203', '活动扳手8\"   200MM', 'Adjustable wrench 8\" 200MM', 'pc', '1', '0.00', '0.00', '', null, '0', null, '2018-09-06 19:59:30', '2018-09-06 19:59:30', 'MV UNIEVER/1812', null), ('3028', '38', 'INLINE 15', 'BAHADOPI', '腾翼工具1#', null, 'TZ-SD47204', '活动扳手10\"  250MM', 'Adjustable wrench 10\" 250MM', 'pc', '1', '0.00', '0.00', '', null, '0', null, '2018-09-06 19:59:30', '2018-09-06 19:59:30', 'MV UNIEVER/1812', null), ('3029', '38', 'INLINE 15', 'BAHADOPI', '腾翼工具1#', null, 'TZ-SD47206', '活动扳手15\"  375MM', 'Adjustable wrench 15\" 375MM', 'pc', '1', '0.00', '0.00', '', null, '0', null, '2018-09-06 19:59:30', '2018-09-06 19:59:30', 'MV UNIEVER/1812', null), ('3030', '38', 'INLINE 15', 'BAHADOPI', '腾翼工具1#', null, 'TZ-SD47207', '活动扳手18\"  450MM', 'Adjustable wrench 18\" 450MM', 'pc', '1', '0.00', '0.00', '', null, '0', null, '2018-09-06 19:59:30', '2018-09-06 19:59:30', 'MV UNIEVER/1812', null), ('3031', '38', 'INLINE 15', 'BAHADOPI', '腾翼工具1#', null, 'TZ-SD47208', '活动扳手24\"  600MM', 'Adjustable wrench 24\" 600MM', 'pc', '1', '0.00', '0.00', '', null, '0', null, '2018-09-06 19:59:30', '2018-09-06 19:59:30', 'MV UNIEVER/1812', null), ('3032', '38', 'INLINE 15', 'BAHADOPI', '腾翼工具1#', null, 'TZ700505', '气动黄油枪', 'Pneumatic grease gun', 'pc', '1', '0.00', '0.00', '', null, '0', null, '2018-09-06 19:59:30', '2018-09-06 19:59:30', 'MV UNIEVER/1812', null), ('3033', '38', 'INLINE 15', 'BAHADOPI', '腾翼工具1#', null, 'TZ-SD09603', '8件护套型冲击螺丝批组套', '8-sheath type impact screwdriver set', 'pc', '1', '0.00', '0.00', '', null, '0', null, '2018-09-06 19:59:30', '2018-09-06 19:59:30', 'MV UNIEVER/1812', null), ('3034', '38', 'INLINE 15', 'BAHADOPI', '腾翼工具1#', null, 'TZ700707', '手拉葫芦', 'Chain hoist', 'pc', '1', '0.00', '0.00', '', null, '0', null, '2018-09-06 19:59:30', '2018-09-06 19:59:30', 'MV UNIEVER/1812', null), ('3035', '38', 'INLINE 15', 'BAHADOPI', '腾翼工具1#', null, 'TZ700305', '手提砂轮机', 'Portable grinder', 'pc', '1', '0.00', '0.00', '', null, '0', null, '2018-09-06 19:59:30', '2018-09-06 19:59:30', 'MV UNIEVER/1812', null), ('3036', '38', 'INLINE 15', 'BAHADOPI', '腾翼工具1#', null, 'TZ700401', '手电钻', 'Hand drill', 'pc', '1', '0.00', '0.00', '', null, '0', null, '2018-09-06 19:59:30', '2018-09-06 19:59:30', 'MV UNIEVER/1812', null), ('3037', '38', 'INLINE 15', 'BAHADOPI', '腾翼工具1#', null, 'TZ800317', '15吨液压拉马装置', '15 tons hydraulic puller', 'pc', '1', '0.00', '0.00', '', null, '0', null, '2018-09-06 19:59:30', '2018-09-06 19:59:30', 'MV UNIEVER/1812', null), ('3038', '38', 'INLINE 15', 'BAHADOPI', '腾翼工具1#', null, 'TZ-SD82312', '内六角扳手6mm', 'Allen key 6mm', 'pc', '2', '0.00', '0.00', '', null, '0', null, '2018-09-06 19:59:30', '2018-09-06 19:59:30', 'MV UNIEVER/1812', null), ('3039', '38', 'INLINE 15', 'BAHADOPI', '腾翼工具1#', null, 'TZ-SD82313', '内六角扳手7mm', 'Allen key 7mm', 'pc', '2', '0.00', '0.00', '', null, '0', null, '2018-09-06 19:59:30', '2018-09-06 19:59:30', 'MV UNIEVER/1812', null), ('3040', '38', 'INLINE 15', 'BAHADOPI', '腾翼工具1#', null, 'TZ-SD82314', '内六角扳手8mm', 'Allen key 8mm', 'pc', '2', '0.00', '0.00', '', null, '0', null, '2018-09-06 19:59:30', '2018-09-06 19:59:30', 'MV UNIEVER/1812', null), ('3041', '38', 'INLINE 15', 'BAHADOPI', '腾翼工具1#', null, 'TZ-SD82316', '内六角扳手10mm', 'Allen key 10mm', 'pc', '2', '0.00', '0.00', '', null, '0', null, '2018-09-06 19:59:30', '2018-09-06 19:59:30', 'MV UNIEVER/1812', null), ('3042', '38', 'INLINE 15', 'BAHADOPI', '腾翼工具1#', null, 'TZ-SD84318', '内六角扳手12mm', 'Allen key 12mm', 'pc', '2', '0.00', '0.00', '', null, '0', null, '2018-09-06 19:59:30', '2018-09-06 19:59:30', 'MV UNIEVER/1812', null), ('3043', '38', 'INLINE 15', 'BAHADOPI', '腾翼工具1#', null, 'TZ-SD84320', '内六角扳手14mm', 'Allen key 14mm', 'pc', '2', '0.00', '0.00', '', null, '0', null, '2018-09-06 19:59:30', '2018-09-06 19:59:30', 'MV UNIEVER/1812', null), ('3044', '38', 'INLINE 15', 'BAHADOPI', '腾翼工具1#', null, 'TZ-SD84323', '内六角扳手17mm', 'Allen key 17mm', 'pc', '2', '0.00', '0.00', '', null, '0', null, '2018-09-06 19:59:30', '2018-09-06 19:59:30', 'MV UNIEVER/1812', null), ('3045', '38', 'INLINE 15', 'BAHADOPI', '腾翼工具1#', null, 'TZ-SD84325', '内六角扳手19mm', 'Allen key 19mm', 'pc', '2', '0.00', '0.00', '', null, '0', null, '2018-09-06 19:59:30', '2018-09-06 19:59:30', 'MV UNIEVER/1812', null), ('3046', '38', 'INLINE 15', 'BAHADOPI', '腾翼工具1#', null, 'TZ-SD84328', '内六角扳手22mm', 'Allen key 22mm', 'pc', '2', '0.00', '0.00', '', null, '0', null, '2018-09-06 19:59:30', '2018-09-06 19:59:30', 'MV UNIEVER/1812', null), ('3047', '38', 'INLINE 15', 'BAHADOPI', '腾翼工具1#', null, '', '12.5MM系列锁定接杆3IN', '12.5MM Series Locking Post 3IN', 'pc', '1', '0.00', '0.00', '', null, '0', null, '2018-09-06 19:59:30', '2018-09-06 19:59:30', 'MV UNIEVER/1812', null), ('3048', '38', 'INLINE 15', 'BAHADOPI', '腾翼工具1#', null, '', '12.5MM系列锁定接杆10IN', '12.5MM Series Locking Post 10IN', 'pc', '1', '0.00', '0.00', '', null, '0', null, '2018-09-06 19:59:30', '2018-09-06 19:59:30', 'MV UNIEVER/1812', null), ('3049', '38', 'INLINE 15', 'BAHADOPI', '腾翼工具1#', null, 'TZ-SD13904', '12.5mm转向接杆 5\"', '12.5mm steering post 5\"', 'pc', '1', '0.00', '0.00', '', null, '0', null, '2018-09-06 19:59:30', '2018-09-06 19:59:30', 'MV UNIEVER/1812', null), ('3050', '38', 'INLINE 15', 'BAHADOPI', '腾翼工具1#', null, 'TZ-SD13905', '12.5mm转向接杆 10\"', '12.5mm转向接杆 5\"', 'pc', '1', '0.00', '0.00', '', null, '0', null, '2018-09-06 19:59:30', '2018-09-06 19:59:30', 'MV UNIEVER/1812', null), ('3051', '38', 'INLINE 15', 'BAHADOPI', '腾翼工具1#', null, '', '电瓶充电器', 'Battery charger', 'pc', '1', '0.00', '0.00', '', null, '0', null, '2018-09-06 19:59:30', '2018-09-06 19:59:30', 'MV UNIEVER/1812', null), ('3052', '38', 'INLINE 15', 'BAHADOPI', '腾翼工具1#', null, '', '电瓶连接搭铁线', 'Battery connection', 'pc', '2', '0.00', '0.00', '', null, '0', null, '2018-09-06 19:59:30', '2018-09-06 19:59:30', 'MV UNIEVER/1812', null), ('3053', '38', 'INLINE 15', 'BAHADOPI', '腾翼工具1#', null, '', '滤芯扳手', 'Filter wrench', 'pc', '10', '0.00', '0.00', '', null, '0', null, '2018-09-06 19:59:30', '2018-09-06 19:59:30', 'MV UNIEVER/1812', null), ('3054', '38', 'INLINE 15', 'BAHADOPI', '腾翼工具1#', null, '', '车辆牵引绳', 'Vehicle traction rope', 'pc', '1', '0.00', '0.00', '', null, '0', null, '2018-09-06 19:59:30', '2018-09-06 19:59:30', 'MV UNIEVER/1812', null), ('3055', '38', 'INLINE 15', 'BAHADOPI', '腾翼工具1#', null, '', '万用表', 'multimeter', 'pc', '1', '0.00', '0.00', '', null, '0', null, '2018-09-06 19:59:30', '2018-09-06 19:59:30', 'MV UNIEVER/1812', null), ('3056', '38', 'INLINE 15', 'BAHADOPI', '腾翼工具1#', null, '', '油抽子', 'Oil pump', 'pc', '5', '0.00', '0.00', '', null, '0', null, '2018-09-06 19:59:30', '2018-09-06 19:59:30', 'MV UNIEVER/1812', null), ('3057', '38', 'INLINE 15', 'BAHADOPI', '腾翼工具2#', null, '柴油机气泵', '空压机', 'Air compressor', 'pc', '2', '0.00', '0.00', '', null, '0', null, '2018-09-06 19:59:30', '2018-09-06 19:59:30', 'MV UNIEVER/1812', null), ('3058', '38', 'INLINE 15', 'BAHADOPI', '腾翼工具2#', null, 'TZ700508', 'B30风扳机（大风炮）', 'B30 wind trigger (big wind gun)', 'pc', '1', '0.00', '0.00', '', null, '0', null, '2018-09-06 19:59:30', '2018-09-06 19:59:30', 'MV UNIEVER/1812', null), ('3059', '38', 'INLINE 15', 'BAHADOPI', '腾翼工具2#', null, 'TZ700505', '气动黄油枪', 'Pneumatic grease gun', 'pc', '4', '0.00', '0.00', '', null, '0', null, '2018-09-06 19:59:30', '2018-09-06 19:59:30', 'MV UNIEVER/1812', null), ('3060', '38', 'INLINE 16', 'BAHADOPI', '腾翼灯1#', null, '', '工作灯', 'working lamp', 'pc', '100', '0.00', '0.00', '', null, '0', null, '2018-09-06 19:59:30', '2018-09-06 19:59:30', 'MV UNIEVER/1812', null);
COMMIT;

-- ----------------------------
--  Table structure for `iel_inventory`
-- ----------------------------
DROP TABLE IF EXISTS `iel_inventory`;
CREATE TABLE `iel_inventory` (
  `id` int(11) NOT NULL AUTO_INCREMENT,
  `inventory_no` varchar(200) DEFAULT NULL,
  `begin_time` datetime DEFAULT NULL,
  `end_time` datetime DEFAULT NULL,
  `inventory_status` int(11) DEFAULT NULL,
  `create_time` datetime DEFAULT NULL,
  `update_time` datetime DEFAULT NULL,
  PRIMARY KEY (`id`)
) ENGINE=InnoDB DEFAULT CHARSET=utf8;

-- ----------------------------
--  Table structure for `iel_inventory_detail`
-- ----------------------------
DROP TABLE IF EXISTS `iel_inventory_detail`;
CREATE TABLE `iel_inventory_detail` (
  `id` int(11) NOT NULL AUTO_INCREMENT,
  `inventory_id` int(11) DEFAULT NULL,
  `stock_id` int(11) DEFAULT NULL,
  `stock_num` int(11) DEFAULT NULL,
  `inventory_num` int(11) DEFAULT NULL,
  `create_time` datetime DEFAULT NULL,
  `update_time` datetime DEFAULT NULL,
  `status` int(11) DEFAULT NULL,
  `error_descs` varchar(500) DEFAULT NULL,
  PRIMARY KEY (`id`)
) ENGINE=InnoDB DEFAULT CHARSET=utf8;

-- ----------------------------
--  Table structure for `iel_out`
-- ----------------------------
DROP TABLE IF EXISTS `iel_out`;
CREATE TABLE `iel_out` (
  `id` int(11) NOT NULL AUTO_INCREMENT COMMENT '主键id',
  `out_no` varchar(200) DEFAULT NULL COMMENT '入库编号',
  `status` int(11) DEFAULT NULL COMMENT '状态',
  `operator_id` int(11) DEFAULT NULL COMMENT '检查员',
  `create_time` datetime DEFAULT NULL COMMENT '创建时间',
  `update_time` datetime DEFAULT NULL COMMENT '更新时间',
  `repair_id` int(11) DEFAULT NULL,
  `repair_no` varchar(50) DEFAULT NULL,
  PRIMARY KEY (`id`)
) ENGINE=InnoDB AUTO_INCREMENT=40 DEFAULT CHARSET=utf8;

-- ----------------------------
--  Records of `iel_out`
-- ----------------------------
BEGIN;
INSERT INTO `iel_out` VALUES ('21', '1532938499936', '0', '2', '2018-07-30 16:14:59', '2018-07-30 16:14:59', null, '2312312323'), ('22', '1533007166788', '0', '2', '2018-07-31 11:19:26', '2018-07-31 11:19:26', null, '324'), ('23', '1533192673366', '0', '2', '2018-08-02 14:51:13', '2018-08-02 14:51:13', null, '4345555535555'), ('24', '1533192945498', '0', '2', '2018-08-02 14:55:45', '2018-08-02 14:55:45', null, '14444'), ('25', '1533298569789', '0', '2', '2018-08-03 20:16:09', '2018-08-03 20:16:09', null, '123'), ('26', '1533608542290', '0', '2', '2018-08-07 10:22:22', '2018-08-07 10:22:22', null, '1001'), ('27', '1533609119094', '0', '2', '2018-08-07 10:31:58', '2018-08-07 10:31:58', null, '111999'), ('28', '1533720663976', '0', '2', '2018-08-08 17:31:03', '2018-08-08 17:31:03', null, '1533720409247'), ('29', '1533722317704', '0', '2', '2018-08-08 17:58:37', '2018-08-08 17:58:37', null, '1533720409247'), ('30', '1533722330320', '0', '2', '2018-08-08 17:58:50', '2018-08-08 17:58:50', null, '1533720409247'), ('31', '1533722647885', '0', '2', '2018-08-08 18:04:07', '2018-08-08 18:04:07', null, '1533720409247'), ('32', '1534224796321', '0', '2', '2018-08-14 13:33:16', '2018-08-14 13:33:16', null, null), ('33', '1534224820554', '0', '2', '2018-08-14 13:33:40', '2018-08-14 13:33:40', null, null), ('34', '1535691877589', '0', '2', '2018-08-31 13:04:37', '2018-08-31 13:04:37', null, null), ('35', '1535691907390', '0', '2', '2018-08-31 13:05:07', '2018-08-31 13:05:07', null, null), ('36', '1535691958110', '0', '2', '2018-08-31 13:05:58', '2018-08-31 13:05:58', null, null), ('37', '1535691998850', '0', '2', '2018-08-31 13:06:38', '2018-08-31 13:06:38', null, null), ('38', '1535693077878', '0', '2', '2018-08-31 13:24:37', '2018-08-31 13:24:37', null, null), ('39', '1536025860858', '0', '2', '2018-09-04 09:51:00', '2018-09-04 09:51:00', null, null);
COMMIT;

-- ----------------------------
--  Table structure for `iel_out_detail`
-- ----------------------------
DROP TABLE IF EXISTS `iel_out_detail`;
CREATE TABLE `iel_out_detail` (
  `id` int(11) NOT NULL AUTO_INCREMENT,
  `out_id` int(11) DEFAULT NULL,
  `parts_no` varchar(200) DEFAULT NULL,
  `parts_name` varchar(200) DEFAULT NULL,
  `parts_en_name` varchar(200) DEFAULT NULL,
  `unit` varchar(200) DEFAULT NULL,
  `sales_price` decimal(20,2) DEFAULT NULL,
  `device_type` varchar(200) DEFAULT NULL,
  `stock_position` int(11) DEFAULT NULL,
  `status` int(11) DEFAULT '0' COMMENT '0不对，1对',
  `out_num` int(11) DEFAULT NULL,
  `create_time` datetime DEFAULT NULL,
  `update_time` datetime DEFAULT NULL,
  PRIMARY KEY (`id`)
) ENGINE=InnoDB AUTO_INCREMENT=89 DEFAULT CHARSET=utf8;

-- ----------------------------
--  Records of `iel_out_detail`
-- ----------------------------
BEGIN;
INSERT INTO `iel_out_detail` VALUES ('55', '21', '800104344', 'P838813(P537877)空虑内滤芯', 'air filter inner', 'pc', '0.00', 'XE215', '14', '0', '1', '2018-07-30 16:14:59', '2018-07-30 16:14:59'), ('56', '21', '800104345', 'P812363(P537876)空虑外滤芯', 'air filter outer', 'pc', '0.00', 'XE215', '14', '0', '1', '2018-07-30 16:14:59', '2018-07-30 16:14:59'), ('57', '22', '803077452', 'XG21.5-DG斗杆油缸', 'cylinder assy', 'pc', '0.00', 'XE215', '14', '0', '1', '2018-07-31 11:19:26', '2018-07-31 11:19:26'), ('58', '23', '803077452', 'XG21.5-DG斗杆油缸', 'cylinder assy', 'pc', '0.00', 'XE215', '14', '0', '1', '2018-08-02 14:51:13', '2018-08-02 14:51:13'), ('59', '23', '800104344', 'P838813(P537877)空虑内滤芯', 'air filter inner', 'pc', '0.00', 'XE215', '14', '0', '5', '2018-08-02 14:51:13', '2018-08-02 14:51:13'), ('60', '24', '800104344', 'P838813(P537877)空虑内滤芯', 'air filter inner', 'pc', '123.00', 'XE215', '14', '0', '1', '2018-08-02 14:55:45', '2018-08-02 14:55:45'), ('61', '24', '800104345', 'P812363(P537876)空虑外滤芯', 'air filter outer', 'pc', '123.00', 'XE215', '14', '0', '1', '2018-08-02 14:55:45', '2018-08-02 14:55:45'), ('62', '25', '', '后桥中段', '', 'pc', '0.00', '', '14', '0', '1', '2018-08-03 20:16:09', '2018-08-03 20:16:09'), ('63', '25', '', '发电机', '', 'pc', '0.00', '', '14', '0', '2', '2018-08-03 20:16:09', '2018-08-03 20:16:09'), ('64', '26', '800104344', 'P838813(P537877)空虑内滤芯', 'air filter inner', 'pc', '99.00', 'XE215', '14', '0', '1', '2018-08-07 10:22:22', '2018-08-07 10:22:22'), ('65', '26', '800104345', 'P812363(P537876)空虑外滤芯', 'air filter outer', 'pc', '99.00', 'XE215', '14', '0', '2', '2018-08-07 10:22:22', '2018-08-07 10:22:22'), ('66', '27', '800104344', 'P838813(P537877)空虑内滤芯', 'air filter inner', 'pc', '123.00', 'XE215', '14', '0', '1', '2018-08-07 10:31:59', '2018-08-07 10:31:59'), ('67', '27', '800104345', 'P812363(P537876)空虑外滤芯', 'air filter outer', 'pc', '123.00', 'XE215', '14', '0', '1', '2018-08-07 10:31:59', '2018-08-07 10:31:59'), ('68', '28', '800151162', 'A034X086油水分离器滤芯', 'sendimentor', 'pc', '0.00', 'XE215', '14', '0', '1', '2018-08-08 17:31:03', '2018-08-08 17:31:03'), ('69', '28', '800104344', 'P838813(P537877)空虑内滤芯', 'air filter inner', 'pc', '0.00', 'XE215', '14', '0', '1', '2018-08-08 17:31:03', '2018-08-08 17:31:03'), ('70', '29', '800104344', 'P838813(P537877)空虑内滤芯', 'air filter inner', 'pc', '0.00', 'XE215', '14', '0', '1', '2018-08-08 17:58:37', '2018-08-08 17:58:37'), ('71', '29', '800104344', 'P838813(P537877)空虑内滤芯', 'air filter inner', 'pc', '5.00', 'XE215', '14', '0', '2', '2018-08-08 17:58:37', '2018-08-08 17:58:37'), ('72', '30', '800104344', 'P838813(P537877)空虑内滤芯', 'air filter inner', 'pc', '0.00', 'XE215', '14', '0', '1', '2018-08-08 17:58:50', '2018-08-08 17:58:50'), ('73', '30', '800104344', 'P838813(P537877)空虑内滤芯', 'air filter inner', 'pc', '5.00', 'XE215', '14', '0', '2', '2018-08-08 17:58:50', '2018-08-08 17:58:50'), ('74', '31', '800104344', 'P838813(P537877)空虑内滤芯', 'air filter inner', 'pc', '0.00', 'XE215', '14', '0', '1', '2018-08-08 18:04:07', '2018-08-08 18:04:07'), ('75', '31', '800104344', 'P838813(P537877)空虑内滤芯', 'air filter inner', 'pc', '5.00', 'XE215', '14', '0', '2', '2018-08-08 18:04:07', '2018-08-08 18:04:07'), ('76', '32', '800104344', 'P838813(P537877)空虑内滤芯', 'air filter inner', 'pc', '1.00', 'XE215', '14', '0', '1', '2018-08-14 13:33:16', '2018-08-14 13:33:16'), ('77', '33', '800104344', 'P838813(P537877)空虑内滤芯', 'air filter inner', 'pc', '2.00', 'XE215', '14', '0', '1', '2018-08-14 13:33:40', '2018-08-14 13:33:40'), ('78', '34', 'SD7NMF', 'O形圈包', 'O-ring package', 'pc', '0.00', 'HBXG', '14', '0', '1', '2018-08-31 13:04:37', '2018-08-31 13:04:37'), ('79', '34', '800104344', 'P838813(P537877)空虑内滤芯', 'air filter inner', 'pc', '0.00', 'XE215', '14', '0', '2', '2018-08-31 13:04:37', '2018-08-31 13:04:37'), ('80', '35', '800104344', 'P838813(P537877)空虑内滤芯', 'air filter inner', 'pc', '123.00', 'XE215', '14', '0', '2', '2018-08-31 13:05:07', '2018-08-31 13:05:07'), ('81', '35', '800104345', 'P812363(P537876)空虑外滤芯', 'air filter outer', 'pc', '345.00', 'XE215', '14', '0', '1', '2018-08-31 13:05:07', '2018-08-31 13:05:07'), ('82', '36', '800104344', 'P838813(P537877)空虑内滤芯', 'air filter inner', 'pc', '0.00', 'XE215', '14', '0', '1', '2018-08-31 13:05:58', '2018-08-31 13:05:58'), ('83', '36', '800104345', 'P812363(P537876)空虑外滤芯', 'air filter outer', 'pc', '0.00', 'XE215', '14', '0', '1', '2018-08-31 13:05:58', '2018-08-31 13:05:58'), ('84', '37', '800104344', 'P838813(P537877)空虑内滤芯', 'air filter inner', 'pc', '333.00', 'XE215', '14', '0', '1', '2018-08-31 13:06:38', '2018-08-31 13:06:38'), ('85', '37', '800104345', 'P812363(P537876)空虑外滤芯', 'air filter outer', 'pc', '888.00', 'XE215', '14', '0', '1', '2018-08-31 13:06:38', '2018-08-31 13:06:38'), ('86', '38', '800104344', 'P838813(P537877)空虑内滤芯', 'air filter inner', 'pc', '136.00', 'XE215', '14', '0', '2', '2018-08-31 13:24:37', '2018-08-31 13:24:37'), ('87', '38', '800104345', 'P812363(P537876)空虑外滤芯', 'air filter outer', 'pc', '888.00', 'XE215', '14', '0', '2', '2018-08-31 13:24:37', '2018-08-31 13:24:37'), ('88', '39', '', '摇臂总成', '', 'pc', '0.00', '', '14', '0', '1', '2018-09-04 09:51:00', '2018-09-04 09:51:00');
COMMIT;

-- ----------------------------
--  Table structure for `iel_repertory`
-- ----------------------------
DROP TABLE IF EXISTS `iel_repertory`;
CREATE TABLE `iel_repertory` (
  `id` int(11) NOT NULL AUTO_INCREMENT COMMENT '类别Id',
  `admin_id` int(11) NOT NULL,
  `parent_id` int(11) DEFAULT NULL COMMENT '父类别id当id=0时说明是根节点,一级类别',
  `name` varchar(200) DEFAULT NULL COMMENT '类别名称',
  `code` varchar(200) DEFAULT NULL,
  `status` int(11) DEFAULT '1' COMMENT '类别状态1-正常,2-已废弃',
  `sort_order` int(11) DEFAULT '0' COMMENT '排序编号,同类展示顺序,数值相等则自然排序',
  `create_time` datetime DEFAULT NULL COMMENT '创建时间',
  `update_time` datetime DEFAULT NULL COMMENT '更新时间',
  `position_longitude` decimal(10,6) DEFAULT NULL,
  `position_latitude` decimal(10,6) DEFAULT NULL,
  PRIMARY KEY (`id`)
) ENGINE=InnoDB AUTO_INCREMENT=25 DEFAULT CHARSET=utf8;

-- ----------------------------
--  Records of `iel_repertory`
-- ----------------------------
BEGIN;
INSERT INTO `iel_repertory` VALUES ('9', '1', '0', 'MOR', 'M', '1', '0', '2018-06-21 11:10:12', '2018-08-15 11:42:25', '121.333000', '32.000000'), ('11', '1', '9', '箱号2', '2', '1', '0', '2018-06-21 11:11:37', '2018-06-21 11:35:07', '121.500000', '32.000000'), ('14', '1', '11', '位置A', 'A', '1', '0', '2018-06-21 11:34:27', '2018-06-21 11:35:18', '121.500000', '32.000000'), ('18', '1', '9', '箱号1', '1234', '1', '0', '2018-07-09 10:57:03', '2018-07-09 10:57:03', '121.500000', '65.120413'), ('21', '1', '0', 'SUB', '3', '1', '0', '2018-07-17 13:23:07', '2018-08-15 11:43:20', '0.000000', '0.000000'), ('23', '1', '0', 'JAK', '00', '1', '0', '2018-07-17 13:24:39', '2018-07-17 13:24:39', '-89.226000', '32.000000'), ('24', '1', '0', 'test', 't', '1', '0', '2018-08-14 16:36:17', '2018-08-14 16:44:39', '80.500000', '65.120413');
COMMIT;

-- ----------------------------
--  Table structure for `iel_stock`
-- ----------------------------
DROP TABLE IF EXISTS `iel_stock`;
CREATE TABLE `iel_stock` (
  `id` int(11) NOT NULL AUTO_INCREMENT,
  `entry_id` int(11) DEFAULT NULL,
  `customs_clearance` varchar(200) DEFAULT NULL,
  `destination` varchar(200) DEFAULT NULL,
  `parts_no` varchar(200) DEFAULT NULL,
  `parts_name` varchar(200) DEFAULT NULL,
  `parts_en_name` varchar(200) DEFAULT NULL,
  `unit` varchar(200) DEFAULT NULL,
  `quantity` int(11) DEFAULT NULL,
  `sales_price` decimal(20,2) DEFAULT NULL,
  `device_type` varchar(200) DEFAULT NULL,
  `repertory` int(11) DEFAULT NULL,
  `position` int(11) DEFAULT NULL,
  `create_time` datetime DEFAULT NULL,
  `update_time` datetime DEFAULT NULL,
  `ship_num` varchar(200) DEFAULT NULL,
  PRIMARY KEY (`id`)
) ENGINE=InnoDB AUTO_INCREMENT=162 DEFAULT CHARSET=utf8;

-- ----------------------------
--  Records of `iel_stock`
-- ----------------------------
BEGIN;
INSERT INTO `iel_stock` VALUES ('103', '32', 'INLINE 9', 'BAHODOPI', '800104344', 'P838813(P537877)空虑内滤芯', 'air filter inner', 'pc', '19', '0.00', 'XE215', '9', '14', '2018-07-30 16:14:44', '2018-08-31 13:24:37', 'CHANG XIONG V.CX1803'), ('104', '32', 'INLINE 9', 'BAHODOPI', '800104345', 'P812363(P537876)空虑外滤芯', 'air filter outer', 'pc', '25', '0.00', 'XE215', '9', '14', '2018-07-30 16:14:44', '2018-08-31 13:24:37', 'CHANG XIONG V.CX1803'), ('105', '32', 'INLINE 9', 'BAHODOPI', '800104344', 'P838813(P537877)空虑内滤芯', 'air filter inner', 'pc', '30', '0.00', 'XE215', '9', '14', '2018-07-30 16:14:44', '2018-07-30 16:14:44', 'CHANG XIONG V.CX1803'), ('106', '32', 'INLINE 9', 'BAHODOPI', '800104345', 'P812363(P537876)空虑外滤芯', 'air filter outer', 'pc', '30', '0.00', 'XE215', '9', '14', '2018-07-30 16:14:44', '2018-07-30 16:14:44', 'CHANG XIONG V.CX1803'), ('107', '32', 'INLINE 9', 'BAHODOPI', '800107893', 'P552564燃油滤芯', 'fuel filter', 'pc', '60', '0.00', 'XE215', '9', '14', '2018-07-30 16:14:44', '2018-07-30 16:14:44', 'CHANG XIONG V.CX1803'), ('108', '32', 'INLINE 9', 'BAHODOPI', '800107892', 'P550596机油滤芯', 'oil filter', 'pc', '60', '0.00', 'XE215', '9', '14', '2018-07-30 16:14:44', '2018-07-30 16:14:44', 'CHANG XIONG V.CX1803'), ('109', '32', 'INLINE 9', 'BAHODOPI', '860149016', 'XCMG-YHL-02010回油滤芯', 'hydrolic filter return', 'pc', '30', '0.00', 'XE215', '9', '14', '2018-07-30 16:14:44', '2018-07-30 16:14:44', 'CHANG XIONG V.CX1803'), ('110', '32', 'INLINE 9', 'BAHODOPI', '860151969', 'XCMG-XDL-02110先导滤芯', 'pilot filter', 'pc', '15', '0.00', 'XE215', '9', '14', '2018-07-30 16:14:44', '2018-07-30 16:14:44', 'CHANG XIONG V.CX1803'), ('111', '32', 'INLINE 9', 'BAHODOPI', '800151162', 'A034X086油水分离器滤芯', 'sendimentor', 'pc', '60', '0.00', 'XE215', '9', '14', '2018-07-30 16:14:44', '2018-07-30 16:14:44', 'CHANG XIONG V.CX1803'), ('112', '32', 'INLINE 9', 'BAHODOPI', '801100336', 'JB/T7940.1-1995 油杯 M10×1', 'oil cup', 'pc', '1500', '0.00', 'XE215', '9', '14', '2018-07-30 16:14:44', '2018-07-30 16:14:44', 'CHANG XIONG V.CX1803'), ('113', '32', 'INLINE 9', 'BAHODOPI', '860149017', 'XCMG-YXL-02010吸油滤芯', 'hydrolic filter suction', 'pc', '15', '0.00', 'XE215', '9', '14', '2018-07-30 16:14:44', '2018-07-30 16:14:44', 'CHANG XIONG V.CX1803'), ('114', '32', 'INLINE 9', 'BAHODOPI', '803077452', 'XG21.5-DG斗杆油缸', 'cylinder assy', 'pc', '1', '0.00', 'XE215', '9', '14', '2018-07-30 16:14:44', '2018-07-30 16:14:44', 'CHANG XIONG V.CX1803'), ('115', '32', 'INLINE 9', 'BAHODOPI', '803077452', 'XG21.5-DG斗杆油缸', 'cylinder assy', 'pc', '1', '0.00', 'XE215', '9', '14', '2018-07-30 16:14:44', '2018-07-30 16:14:44', 'CHANG XIONG V.CX1803'), ('116', '32', 'INLINE 9', 'BAHODOPI', 'DZ91189160031', '离合器盖总成', 'Clutch cover assembly', 'pc', '10', '0.00', 'Dump truck 6*4', '9', '14', '2018-07-30 16:14:44', '2018-07-30 16:14:44', 'CHANG XIONG V.CX1803'), ('117', '32', 'INLINE 9', 'BAHODOPI', 'DZ91189160032', '离合器从动盘', 'Clutch plate', 'pc', '30', '0.00', 'Dump truck 6*4', '9', '14', '2018-07-30 16:14:44', '2018-07-30 16:14:44', 'CHANG XIONG V.CX1803'), ('118', '32', 'INLINE 9', 'BAHODOPI', '81.62450.0052-10', '挡风玻璃', 'windshield', 'pc', '10', '0.00', 'Dump truck 6*4', '9', '14', '2018-07-30 16:14:44', '2018-07-30 16:14:44', 'CHANG XIONG V.CX1803'), ('119', '32', 'INLINE 9', 'BAHODOPI', '3315843', '柴油滤清器', 'Fuel filter', 'pc', '36', '0.00', 'HBXG', '9', '14', '2018-07-30 16:14:44', '2018-07-30 16:14:44', 'CHANG XIONG V.CX1803'), ('120', '32', 'INLINE 9', 'BAHODOPI', '3325963', '风扇皮带', 'fan belt', 'pc', '12', '0.00', 'HBXG', '9', '14', '2018-07-30 16:14:44', '2018-07-30 16:14:44', 'CHANG XIONG V.CX1803'), ('121', '32', 'INLINE 9', 'BAHODOPI', '3889310', '主滤油器', 'filter', 'pc', '18', '0.00', 'HBXG', '9', '14', '2018-07-30 16:14:44', '2018-07-30 16:14:44', 'CHANG XIONG V.CX1803'), ('122', '32', 'INLINE 9', 'BAHODOPI', '3889311', '旁通滤油器', 'filter', 'pc', '18', '0.00', 'HBXG', '9', '14', '2018-07-30 16:14:44', '2018-07-30 16:14:44', 'CHANG XIONG V.CX1803'), ('123', '32', 'INLINE 9', 'BAHODOPI', '7T16001YF', '提升油缸修理包', 'lift cylinder kit', 'pc', '12', '0.00', 'HBXG', '9', '14', '2018-07-30 16:14:44', '2018-07-30 16:14:44', 'CHANG XIONG V.CX1803'), ('124', '32', 'INLINE 9', 'BAHODOPI', 'KLQ1-4200', '空滤内芯', 'air filter inner', 'pc', '6', '0.00', 'HBXG', '9', '14', '2018-07-30 16:14:44', '2018-07-30 16:14:44', 'CHANG XIONG V.CX1803'), ('125', '32', 'INLINE 9', 'BAHODOPI', 'KLQ1-4300', '空滤外芯', 'air filter outer', 'pc', '6', '0.00', 'HBXG', '9', '14', '2018-07-30 16:14:44', '2018-07-30 16:14:44', 'CHANG XIONG V.CX1803'), ('126', '32', 'INLINE 9', 'BAHODOPI', '1B01514', '进口滤芯', 'filter', 'pc', '6', '0.00', 'HBXG', '9', '14', '2018-07-30 16:14:44', '2018-07-30 16:14:44', 'CHANG XIONG V.CX1803'), ('127', '32', 'INLINE 9', 'BAHODOPI', '1B01462', '滤芯组件', 'filter set', 'pc', '6', '0.00', 'HBXG', '9', '14', '2018-07-30 16:14:44', '2018-07-30 16:14:44', 'CHANG XIONG V.CX1803'), ('128', '32', 'INLINE 9', 'BAHODOPI', '3315843', '柴油滤清器', 'fuel filter', 'pc', '6', '0.00', 'HBXG', '9', '14', '2018-07-30 16:14:44', '2018-07-30 16:14:44', 'CHANG XIONG V.CX1803'), ('129', '32', 'INLINE 9', 'BAHODOPI', '3325963', '风扇皮带', 'fan belt', 'pc', '2', '0.00', 'HBXG', '9', '14', '2018-07-30 16:14:44', '2018-07-30 16:14:44', 'CHANG XIONG V.CX1803'), ('130', '32', 'INLINE 9', 'BAHODOPI', '3889310', '主滤油器', 'filter', 'pc', '3', '0.00', 'HBXG', '9', '14', '2018-07-30 16:14:44', '2018-07-30 16:14:44', 'CHANG XIONG V.CX1803'), ('131', '32', 'INLINE 9', 'BAHODOPI', '3889311', '旁通滤油器', 'filter', 'pc', '3', '0.00', 'HBXG', '9', '14', '2018-07-30 16:14:44', '2018-07-30 16:14:44', 'CHANG XIONG V.CX1803'), ('132', '32', 'INLINE 9', 'BAHODOPI', '7T16001YF', '提升油缸修理包', 'lifter cylinder kit', 'pc', '2', '0.00', 'HBXG', '9', '14', '2018-07-30 16:14:44', '2018-07-30 16:14:44', 'CHANG XIONG V.CX1803'), ('133', '32', 'INLINE 9', 'BAHODOPI', 'KLQ1-4200', '空滤内芯', 'air filter inner', 'pc', '1', '0.00', 'HBXG', '9', '14', '2018-07-30 16:14:44', '2018-07-30 16:14:44', 'CHANG XIONG V.CX1803'), ('134', '32', 'INLINE 9', 'BAHODOPI', 'KLQ1-4300', '空滤外芯', 'air filter outer', 'pc', '1', '0.00', 'HBXG', '9', '14', '2018-07-30 16:14:44', '2018-07-30 16:14:44', 'CHANG XIONG V.CX1803'), ('135', '32', 'INLINE 9', 'BAHODOPI', '1B01514', '进口滤芯', 'filter', 'pc', '1', '0.00', 'HBXG', '9', '14', '2018-07-30 16:14:44', '2018-07-30 16:14:44', 'CHANG XIONG V.CX1803'), ('136', '32', 'INLINE 9', 'BAHODOPI', '1B01462', '滤芯组件', 'filter set', 'pc', '1', '0.00', 'HBXG', '9', '14', '2018-07-30 16:14:44', '2018-07-30 16:14:44', 'CHANG XIONG V.CX1803'), ('137', '32', 'INLINE 9', 'BAHODOPI', '0T05047', '链齿', 'chain', 'pc', '5', '0.00', 'HBXG', '9', '14', '2018-07-30 16:14:44', '2018-07-30 16:14:44', 'CHANG XIONG V.CX1803'), ('138', '32', 'INLINE 9', 'BAHODOPI', '0T12304', '单泵', 'pump', 'pc', '1', '0.00', 'HBXG', '9', '14', '2018-07-30 16:14:44', '2018-07-30 16:14:44', 'CHANG XIONG V.CX1803'), ('139', '32', 'INLINE 9', 'BAHODOPI', '0T12302', '双联泵', 'pump', 'pc', '1', '0.00', 'HBXG', '9', '14', '2018-07-30 16:14:44', '2018-07-30 16:14:44', 'CHANG XIONG V.CX1803'), ('140', '32', 'INLINE 9', 'BAHODOPI', '6T13038', '装置泵', 'Device pump', 'pc', '1', '0.00', 'HBXG', '9', '14', '2018-07-30 16:14:44', '2018-07-30 16:14:44', 'CHANG XIONG V.CX1803'), ('141', '32', 'INLINE 9', 'BAHODOPI', '0T16245', '履带板', 'Track shoe', 'pc', '5', '0.00', 'HBXG', '9', '14', '2018-07-30 16:14:44', '2018-07-30 16:14:44', 'CHANG XIONG V.CX1803'), ('142', '32', 'INLINE 9', 'BAHODOPI', '0A23171', '履带螺母', 'Track nut', 'pc', '20', '0.00', 'HBXG', '9', '14', '2018-07-30 16:14:44', '2018-07-30 16:14:44', 'CHANG XIONG V.CX1803'), ('143', '32', 'INLINE 9', 'BAHODOPI', '0T16246', '履带螺栓', 'Track bolts', 'pc', '20', '0.00', 'HBXG', '9', '14', '2018-07-30 16:14:44', '2018-07-30 16:14:44', 'CHANG XIONG V.CX1803'), ('144', '32', 'INLINE 9', 'BAHODOPI', 'SD7NMF', 'O形圈包', 'O-ring package', 'pc', '2', '0.00', 'HBXG', '9', '14', '2018-07-30 16:14:44', '2018-08-31 13:04:37', 'CHANG XIONG V.CX1803'), ('145', '32', 'INLINE 9', 'BAHODOPI', '7T16002YF', '提升油缸修理包', 'Lift cylinder repair kit', 'pc', '10', '0.00', 'HBXG', '9', '14', '2018-07-30 16:14:44', '2018-07-30 16:14:44', 'CHANG XIONG V.CX1803'), ('146', '32', 'INLINE 9', 'BAHODOPI', '0T32251YF', '侧倾油缸修理包', 'Side Cylinder Repair Kit', 'pc', '10', '0.00', 'HBXG', '9', '14', '2018-07-30 16:14:44', '2018-07-30 16:14:44', 'CHANG XIONG V.CX1803'), ('147', '32', 'INLINE 9', 'BAHODOPI', '3V03011', '温度传感器', 'Temperature Sensor', 'pc', '6', '0.00', 'HBXG', '9', '14', '2018-07-30 16:14:44', '2018-07-30 16:14:44', 'CHANG XIONG V.CX1803'), ('148', '32', 'INLINE 9', 'BAHODOPI', '3V03010', '压力传感器', 'Pressure Sensor', 'pc', '6', '0.00', 'HBXG', '9', '14', '2018-07-30 16:14:44', '2018-07-30 16:14:44', 'CHANG XIONG V.CX1803'), ('149', '32', 'INLINE 9', 'BAHODOPI', '5Z09027', '转速传感器', 'Speed', 'pc', '6', '0.00', 'HBXG', '9', '14', '2018-07-30 16:14:44', '2018-07-30 16:14:44', 'CHANG XIONG V.CX1803'), ('150', '32', 'INLINE 9', 'BAHODOPI', '0T75010', '主继电器', 'Main relay', 'pc', '3', '0.00', 'HBXG', '9', '14', '2018-07-30 16:14:44', '2018-07-30 16:14:44', 'CHANG XIONG V.CX1803'), ('151', '32', 'INLINE 9', 'BAHODOPI', '', '后桥中段', '', 'pc', '1', '0.00', '', '9', '14', '2018-07-30 16:14:44', '2018-07-30 16:14:44', 'CHANG XIONG V.CX1803'), ('152', '32', 'INLINE 9', 'BAHODOPI', '', '发电机', '', 'pc', '20', '0.00', '', '9', '14', '2018-07-30 16:14:44', '2018-07-30 16:14:44', 'CHANG XIONG V.CX1803'), ('153', '32', 'INLINE 9', 'BAHODOPI', '', '摇臂总成', '', 'pc', '17', '0.00', '', '9', '14', '2018-07-30 16:14:44', '2018-09-04 09:51:00', 'CHANG XIONG V.CX1803'), ('154', '32', 'INLINE 9', 'BAHODOPI', '', '气门锁夹', '', 'pc', '24', '0.00', '', '9', '14', '2018-07-30 16:14:44', '2018-07-30 16:14:44', 'CHANG XIONG V.CX1803'), ('155', '32', 'INLINE 9', 'BAHODOPI', '', '密封套', '', 'pc', '12', '0.00', '', '9', '14', '2018-07-30 16:14:44', '2018-07-30 16:14:44', 'CHANG XIONG V.CX1803'), ('156', '32', 'INLINE 9', 'BAHODOPI', '', '挺柱', '', 'pc', '12', '0.00', '', '9', '14', '2018-07-30 16:14:44', '2018-07-30 16:14:44', 'CHANG XIONG V.CX1803'), ('157', '32', 'INLINE 9', 'BAHODOPI', '', '差速器', '', 'pc', '1', '0.00', '', '9', '14', '2018-07-30 16:14:44', '2018-07-30 16:14:44', 'CHANG XIONG V.CX1803'), ('158', '32', 'INLINE 9', 'BAHODOPI', '', '举升油缸', '', 'pc', '1', '0.00', '', '9', '14', '2018-07-30 16:14:44', '2018-07-30 16:14:44', 'CHANG XIONG V.CX1803'), ('159', '36', '1808', 'mor', '800104344', 'P838813(P537877)空虑内滤芯', 'air filter inner', 'pc', '30', '2.00', 'XE215', '9', '14', '2018-08-08 17:24:59', '2018-08-08 17:24:59', 'F1800W'), ('160', '36', '1808', 'mor', '800104345', 'P812363(P537876)空虑外滤芯', 'air filter outer', 'pc', '30', '3.00', 'XE215', '9', '14', '2018-08-08 17:24:59', '2018-08-08 17:24:59', 'F1800W'), ('161', '36', '1808', 'mor', '800104344', 'P838813(P537877)空虑内滤芯', 'air filter inner', 'pc', '28', '5.00', 'XE215', '9', '14', '2018-08-08 17:24:59', '2018-08-08 18:04:07', 'F1800W');
COMMIT;

-- ----------------------------
--  Table structure for `iel_transport`
-- ----------------------------
DROP TABLE IF EXISTS `iel_transport`;
CREATE TABLE `iel_transport` (
  `id` int(11) NOT NULL AUTO_INCREMENT COMMENT '主键id',
  `declare_num` varchar(100) DEFAULT NULL COMMENT '报关次数',
  `destination` varchar(200) DEFAULT NULL COMMENT '目的地',
  `arrival_list` varchar(2500) DEFAULT NULL COMMENT '配件到货清单',
  `purchase_list` varchar(2500) DEFAULT NULL COMMENT '到货清单,带采购价格',
  `sales_contract` varchar(2500) DEFAULT NULL COMMENT '公司-公司,销售合同',
  `invoice` varchar(2500) DEFAULT NULL COMMENT '发票/bl等清关文件',
  `purchase_contract` varchar(2500) DEFAULT NULL COMMENT '采购合同',
  `export_cost` varchar(2500) DEFAULT NULL COMMENT '出口成本',
  `sales_list` varchar(500) DEFAULT NULL COMMENT '到货清单,带销售价格',
  `entrance_cost` varchar(2500) DEFAULT NULL COMMENT '进口成本',
  `status` int(11) DEFAULT NULL COMMENT '状态',
  `create_time` datetime DEFAULT NULL COMMENT '创建时间',
  `update_time` datetime DEFAULT NULL COMMENT '更新时间',
  `ship_num` varchar(200) DEFAULT NULL,
  `zhu_ji_sales_list` varchar(500) DEFAULT NULL,
  PRIMARY KEY (`id`)
) ENGINE=InnoDB AUTO_INCREMENT=94 DEFAULT CHARSET=utf8;

-- ----------------------------
--  Records of `iel_transport`
-- ----------------------------
BEGIN;
INSERT INTO `iel_transport` VALUES ('8', 'INLINE 5', 'SURABAYA', 'http://cdn.ayotrust.com/upload/2018-07-0418SQD0506153-038 PACKAGE SUMMARY.xlsx,http://cdn.ayotrust.com/upload/2018-07-05主机设备到货明细.xlsx', '', '', '', '', '', 'http://cdn.ayotrust.com/upload/2018-07-06/578/INLINE5.xls', 'http://cdn.ayotrust.com/upload/2018-07-04出口产品清单7.xls,http://cdn.ayotrust.com/upload/2018-07-04主机入库6.xls,http://cdn.ayotrust.com/upload/2018-07-06出口产品清单 2.xls', '1', '2018-05-01 00:00:00', '2018-07-19 19:02:10', 'NORTHERN VOLITION', 'http://cdn.ayotrust.com/upload/2018-07-19/660/INLINE_5_UNIT_SUB.xls'), ('9', 'INLINE 6', 'JAKARTA', 'http://cdn.ayotrust.com/upload/2018-07-05装载机主机设备到货明细.xlsx', '', null, null, 'http://cdn.ayotrust.com/upload/2018-07-06JKT 装柜明细00470.xlsx', null, 'http://cdn.ayotrust.com/upload/2018-07-06/453/INLINE6.xls', null, '1', '2018-05-02 00:00:00', '2018-07-19 19:02:15', 'NORTHERN VOLITION', 'http://cdn.ayotrust.com/upload/2018-07-19/156/INLINE_6_UNIT_JAK.xls'), ('10', 'INLINE 7', 'SURABAYA', 'http://cdn.ayotrust.com/upload/2018-07-05泗水装载机主机设备到货明细.xlsx', '', null, '', 'http://cdn.ayotrust.com/upload/2018-07-06印尼装柜数据表，整机明此份为准-WKPC.xls', '', 'http://cdn.ayotrust.com/upload/2018-07-06/721/INLINE7.xls', null, '1', '2018-05-03 00:00:00', '2018-07-19 19:02:20', 'NORTHERN VOLITION', 'http://cdn.ayotrust.com/upload/2018-07-19/325/INLINE_7_UNIT_SUB.xls'), ('11', 'INLINE 8', 'BAHODOPI ANCHORAGE PORT', 'http://cdn.ayotrust.com/upload/2018-07-05主机设备到货清单 - data for unit on BL.xlsx,http://cdn.ayotrust.com/upload/2018-07-0518sqd0506118装箱单.xlsx,http://cdn.ayotrust.com/upload/2018-07-0518SQD0506190装箱单.xlsx,http://cdn.ayotrust.com/upload/2018-07-0518sqd0506207-038装箱单.xls,http://cdn.ayotrust.com/upload/2018-07-057台SD7N配件清单(2).xlsx', '', null, '', '', null, 'http://cdn.ayotrust.com/upload/2018-07-06/66/INLINE8.xls', null, '2', '2018-05-10 00:00:00', '2018-07-20 14:38:20', 'CSC RONG HAI V.1808', 'http://cdn.ayotrust.com/upload/2018-07-20/577/INLINE_12_UNIT_SUB.xls'), ('12', 'INLINE 9', 'BAHODOPI ANCHORAGE PORT', 'http://cdn.ayotrust.com/upload/2018-07-05IEC主机设备到货清单.xlsx,http://cdn.ayotrust.com/upload/2018-07-10/52/配件明细.zip', 'http://cdn.ayotrust.com/upload/2018-07-09/37/INL-IEC-2018-009-4索赔件.xlsx', null, '', '', null, 'http://cdn.ayotrust.com/upload/2018-07-27/564/INLINE9_SP_MOR.xls', null, '3', '2018-06-02 00:00:00', '2018-07-30 16:09:02', 'CHANG XIONG V.CX1803', 'http://cdn.ayotrust.com/upload/2018-07-20/843/INLINE_12_UNIT_SUB.xls'), ('17', 'INLINE 10', 'JAKARTA', 'http://cdn.ayotrust.com/upload/2018-07-09/550/9家厂家配件明细29件.xlsx', '', null, '', '', null, 'http://cdn.ayotrust.com/upload/2018-07-09/264/INLINE10配件.xls', null, '1', '2018-06-10 00:00:00', '2018-07-27 14:03:01', 'NACIOS FELOCITAS/V.309W', 'http://cdn.ayotrust.com/upload/2018-07-27/119/主机入库模板.xls'), ('18', 'INLINE 11', 'BAHODOPI ANCHORAGE PORT', 'http://cdn.ayotrust.com/upload/2018-07-10/112/IEC主机设备到货清单6.23.xlsx', '', null, '', '', null, '', '', '1', '2018-06-14 00:00:00', '2018-07-19 19:02:39', 'RORO SAWITRI V,RS1801', 'http://cdn.ayotrust.com/upload/2018-07-19/16/INLINE_11_UNIT_BAH.xls'), ('21', 'INLINE 12', 'SURABAYA', 'http://cdn.ayotrust.com/upload/2018-07-11/705/SUR挖掘机主机设备到货明细.xlsx,http://cdn.ayotrust.com/upload/2018-07-11/681/徐工工具箱和配件明细.xls', 'http://cdn.ayotrust.com/upload/2018-07-10/611/INL-IEC-2018-012-2索赔件.xlsx', null, '', '', null, '', null, '2', '2018-06-19 00:00:00', '2018-07-20 14:38:56', 'ZIM DALIAN V.51S', 'http://cdn.ayotrust.com/upload/2018-07-20/375/INLINE_12_UNIT_SUB.xls'), ('23', 'HANGCHA  07_02', 'SURABAYA', null, null, null, null, null, null, null, null, '1', '2018-07-01 00:00:00', '2018-07-19 19:44:35', 'YM ENHANCER 098S', 'http://cdn.ayotrust.com/upload/2018-07-19/889/HANGCHA_07_02.xls'), ('24', 'HANGCHA_05_01', 'JAKARTA', null, null, null, null, null, null, null, null, '1', '2018-05-14 00:00:00', '2018-07-19 20:19:49', 'BOMAR SPRING 0060 006S', 'http://cdn.ayotrust.com/upload/2018-07-19/369/HANGCHA_05_01.xls'), ('25', 'HANGCHA_05_02', 'SURABAYA', null, null, null, null, null, null, null, null, '1', '2018-05-14 00:00:00', '2018-07-19 20:31:11', 'BOMAR SPRING 0060 006S', 'http://cdn.ayotrust.com/upload/2018-07-19/540/HANGCHA_05_02.xls'), ('26', 'HANGCHA_04_03', 'SURABAYA', null, null, null, null, null, null, null, null, '1', '2018-04-30 00:00:00', '2018-07-20 23:12:10', 'PONA 0058 031S', 'http://cdn.ayotrust.com/upload/2018-07-20/110/HANGCHA_04_03.xls'), ('27', 'HANGCHA_04_02', 'SURABAYA', null, null, null, null, null, null, null, null, '0', '2018-04-30 00:00:00', '2018-07-20 20:33:14', 'PONA 0058 031S', null), ('28', 'HANGCHA_04_01', 'JAKARTA', null, null, null, null, null, null, null, null, '1', '2018-04-30 00:00:00', '2018-07-20 20:52:03', 'PONA 0058 031S', 'http://cdn.ayotrust.com/upload/2018-07-20/733/HANGCHA_04_01.xls'), ('29', 'HANGCHA_04_04', 'JAKARTA', null, null, null, null, null, null, null, null, '1', '2018-04-19 00:00:00', '2018-08-07 17:43:19', 'LOUDS ISLAND 092S', ''), ('30', 'HANGCHA_03_01', 'JAKARTA', null, null, null, null, null, null, null, null, '1', '2018-03-19 00:00:00', '2018-07-20 23:11:15', 'AS COLUMBIA 0006S', 'http://cdn.ayotrust.com/upload/2018-07-20/867/HANGCHA_03_01.xls'), ('31', 'HANGCHA_01_01', 'JAKARTA', null, null, null, null, null, null, null, null, '0', '2018-01-08 00:00:00', '2018-07-20 23:29:50', 'CALIFORNIA TRADER 004S', null), ('32', 'INLINE 13', 'JAKARTA', 'http://cdn.ayotrust.com/upload/2018-07-24/843/total_packing_list_details.xlsx', 'http://cdn.ayotrust.com/upload/2018-07-24/11/INL-IEC-2018-013.xlsx', null, null, 'http://cdn.ayotrust.com/upload/2018-07-24/488/FM170810PJ01双签.pdf', null, 'null', null, '1', '2018-07-25 00:00:00', '2018-07-25 15:43:51', 'YM ENHANCER/099S', null), ('33', 'INLINE 14', 'WEDABAY', 'http://cdn.ayotrust.com/upload/2018-08-03/731/IEC主机设备到货清单.xlsx', null, null, null, null, null, 'http://cdn.ayotrust.com/upload/2018-08-03/327/the_model_of_parts_storage_list.xls', null, '1', '2018-08-02 00:00:00', '2018-09-05 18:48:52', 'MV.SPRING SHINE/211', 'http://cdn.ayotrust.com/upload/2018-09-05/754/the_model_of_unit_storage_list.xls'), ('34', 'HANGCHA 07_03', 'JAKARTA', null, null, null, null, null, null, null, null, '1', '2018-07-10 00:00:00', '2018-08-14 00:54:45', 'ZIM DAHLIAN 52S', ''), ('38', 'LONKING_01_01', 'JAKARTA', null, null, null, null, null, null, null, null, '1', '2018-01-01 00:00:00', '2018-09-03 13:01:18', 'SEASPAN FELIXSTOW 007S', 'http://cdn.ayotrust.com/upload/2018-09-03/342/LONKING_01_01.xls'), ('41', 'LONKING_02_01', 'SURABAYA', null, null, null, null, null, null, null, null, '1', '2018-02-01 00:00:00', '2018-09-03 13:03:05', 'CAPE MAGNUS 1804S', 'http://cdn.ayotrust.com/upload/2018-09-03/324/LONKING_02_01.xls'), ('42', 'LONKING_02_02', 'SURABAYA', null, null, null, null, null, null, null, null, '1', '2018-02-02 00:00:00', '2018-09-03 13:03:25', 'CAPE MAGNUS 1804S', 'http://cdn.ayotrust.com/upload/2018-09-03/414/LONKING_02_02.xls'), ('43', 'LONKING_01_03', 'JAKARTA', null, null, null, null, null, null, null, null, '1', '2018-01-03 00:00:00', '2018-09-03 13:02:41', 'SEASPAN FELIXSTOW 007S', 'http://cdn.ayotrust.com/upload/2018-09-03/490/LONKING_01_03.xls'), ('44', 'LONKING_01_02', 'JAKARTA', null, null, null, null, null, null, null, null, '1', '2018-01-02 00:00:00', '2018-09-03 13:02:21', 'SEASPAN FELIXSTOW 007S', 'http://cdn.ayotrust.com/upload/2018-09-03/162/LONKING_01_02.xls'), ('46', 'INLINE 15', 'BAHODOPI/POSO PORT', 'http://cdn.ayotrust.com/upload/2018-09-03/324/POSOIEC主机设备到货清单.xlsx', null, null, null, null, null, 'http://cdn.ayotrust.com/upload/2018-09-06/366/INLINE_15_SP_BAHODOPI.xls', null, '3', '2018-08-16 00:00:00', '2018-09-07 14:12:24', 'MV UNIEVER/1812', 'http://cdn.ayotrust.com/upload/2018-09-05/902/the_model_of_unit_storage_list.xls'), ('47', 'INLINE 16', 'BAHODOPI/POSO PORT', 'http://cdn.ayotrust.com/upload/2018-09-03/982/POSOIEC主机设备到货清单.xlsx', null, null, null, null, null, 'http://cdn.ayotrust.com/upload/2018-09-06/72/INLINE_16_SP_BAHODOPI.xls', null, '1', '2018-08-16 00:00:00', '2018-09-06 19:47:00', 'MV UNIEVER/1812', null), ('48', 'INLINE 17', 'BAHODOPI ANCHORAGE PORT', 'http://cdn.ayotrust.com/upload/2018-09-05/578/KST主机设备到货清单.xlsx,http://cdn.ayotrust.com/upload/2018-09-05/490/印度尼西亚张强2018.8.18.xlsx', null, null, null, null, null, null, null, '1', '2018-08-23 00:00:00', '2018-09-05 17:39:00', 'GRAND TAJIAM ONE/GT1801', 'http://cdn.ayotrust.com/upload/2018-09-05/368/the_model_of_unit_storage_list.xls'), ('49', 'LONKING_03_01', 'MEDAN', null, null, null, null, null, null, null, null, '1', '2018-03-01 00:00:00', '2018-09-05 10:37:24', 'VESSEL TEMP 01', 'http://cdn.ayotrust.com/upload/2018-09-05/878/LONKING_.._...xls'), ('50', 'LONKING_03_02', 'JAKARTA', null, null, null, null, null, null, null, null, '1', '2018-03-02 00:00:00', '2018-09-05 10:40:59', 'VESSEL TEMP 02', 'http://cdn.ayotrust.com/upload/2018-09-05/5/LONKING_.._.. 1.xls'), ('51', 'LONKING_03_03', 'JAKARTA', null, null, null, null, null, null, null, null, '0', '2018-03-05 00:00:00', '2018-09-05 09:54:46', 'VESSEL TEMP 03', null), ('52', 'LONKING_03_04', 'SURABAYA', null, null, null, null, null, null, null, null, '1', '2018-03-06 00:00:00', '2018-09-05 10:48:55', 'VESSEL TEMP 04', 'http://cdn.ayotrust.com/upload/2018-09-05/104/LONKING_.._.. 3.xls'), ('53', 'LONKING_04_01', 'MAKASSAR', null, null, null, null, null, null, null, null, '1', '2018-04-02 00:00:00', '2018-09-05 12:35:01', 'VESSEL TEMP 05', 'http://cdn.ayotrust.com/upload/2018-09-05/581/LONKING_.._.. 4.xls'), ('54', 'LONKING_04_02', 'JAKARTA', null, null, null, null, null, null, null, null, '1', '2018-04-03 00:00:00', '2018-09-05 12:35:40', 'VESSEL TEMP 02', 'http://cdn.ayotrust.com/upload/2018-09-05/658/LONKING_.._.. 5.xls'), ('55', 'LONKING_05_01', 'JAKARTA', null, null, null, null, null, null, null, null, '1', '2018-05-01 00:00:00', '2018-09-05 12:35:56', 'VESSEL TEMP 01', 'http://cdn.ayotrust.com/upload/2018-09-05/561/LONKING_.._.. 6.xls'), ('56', 'LONKING_05_02', 'SURABAYA', null, null, null, null, null, null, null, null, '1', '2018-05-02 00:00:00', '2018-09-05 10:55:31', 'VESSEL TEMP 02', 'http://cdn.ayotrust.com/upload/2018-09-05/807/LONKING_.._.. 7.xls'), ('57', 'LONKING_05_03', 'SURABAYA', null, null, null, null, null, null, null, null, '1', '2018-05-03 00:00:00', '2018-09-05 12:36:40', 'VESSEL TEMP 03', 'http://cdn.ayotrust.com/upload/2018-09-05/218/LONKING_.._.. 8.xls'), ('58', 'LONKING_05_04', 'SURABAYA', null, null, null, null, null, null, null, null, '1', '2018-05-04 00:00:00', '2018-09-05 12:36:58', 'VESSEL TEMP 04', 'http://cdn.ayotrust.com/upload/2018-09-05/801/LONKING_.._.. 9.xls'), ('59', 'LONKING_02_06', 'MOROWALI', null, null, null, null, null, null, null, null, '1', '2018-02-08 00:00:00', '2018-09-05 12:37:23', 'VESSEL TEMP 06', 'http://cdn.ayotrust.com/upload/2018-09-05/439/LONKING_.._.. 10.xls'), ('60', 'LONKING_08_01', 'JAKARTA', null, null, null, null, null, null, null, null, '1', '2018-08-01 00:00:00', '2018-09-05 12:37:45', 'VESSEL TEMP 01', 'http://cdn.ayotrust.com/upload/2018-09-05/599/LONKING_.._.. 11.xls'), ('61', 'LONKING_08_02', 'JAKARTA', null, null, null, null, null, null, null, null, '1', '2018-08-02 00:00:00', '2018-09-05 12:37:54', 'VESSEL TEMP 02', 'http://cdn.ayotrust.com/upload/2018-09-05/893/LONKING_.._.. 12.xls'), ('62', 'INLINE18', 'JAKARTA', 'http://cdn.ayotrust.com/upload/2018-09-05/334/DONGSHANG .xlsx,http://cdn.ayotrust.com/upload/2018-09-05/6/LONKING.xls,http://cdn.ayotrust.com/upload/2018-09-05/364/TENGYI.xls', null, null, null, null, null, null, null, '0', '2018-08-31 00:00:00', '2018-09-05 14:32:42', 'RDO FORTUNE/V.801S', null), ('63', 'INLINE19', 'BAHODOPI/POSO PORT', 'http://cdn.ayotrust.com/upload/2018-09-05/380/2018.08-001合同装箱清单2018.08.08.xls,http://cdn.ayotrust.com/upload/2018-09-05/247/tengyi.xls', null, null, null, null, null, null, null, '0', '2018-08-30 00:00:00', '2018-09-05 14:37:56', 'MV. EASY PROSPERITY/1809', null), ('64', 'HANGCHA_05_03', 'SURABAYA', null, null, null, null, null, null, null, null, '1', '2018-05-03 00:00:00', '2018-09-06 19:06:26', 'VESSEL TEMP 03', 'http://cdn.ayotrust.com/upload/2018-09-06/998/HANGCHA_05_03.xls'), ('65', 'HANGCHA_05_04', 'SURABAYA', null, null, null, null, null, null, null, null, '1', '2018-05-04 00:00:00', '2018-09-06 19:07:11', 'VESSEL TEMP 04', 'http://cdn.ayotrust.com/upload/2018-09-06/964/HANGCHA_05_04.xls'), ('66', 'HANGCHA_05_05', 'SURABAYA', null, null, null, null, null, null, null, null, '1', '2018-05-07 00:00:00', '2018-09-06 19:07:26', 'VESSEL TEMP 05', 'http://cdn.ayotrust.com/upload/2018-09-06/174/HANGCHA_05_05.xls'), ('67', 'HANGCHA_05_06', 'JAKARTA', null, null, null, null, null, null, null, null, '1', '2018-05-08 00:00:00', '2018-09-06 19:07:46', 'VESSEL TEMP 06', 'http://cdn.ayotrust.com/upload/2018-09-06/637/HANGCHA_05_06.xls'), ('68', 'HANGCHA_07_01', 'SURABAYA', null, null, null, null, null, null, null, null, '1', '2018-07-02 00:00:00', '2018-09-06 19:09:02', 'VESSEL TEMP 01', 'http://cdn.ayotrust.com/upload/2018-09-06/542/HANGCHA_07_01.xls'), ('69', 'HANGCHA_07_02', 'JAKARTA', null, null, null, null, null, null, null, null, '1', '2018-07-03 00:00:00', '2018-09-06 19:09:12', 'VESSEL TEMP 02', 'http://cdn.ayotrust.com/upload/2018-09-06/245/HANGCHA_07_02.xls'), ('70', 'HANGCHA_07_03', 'JAKARTA', null, null, null, null, null, null, null, null, '1', '2018-07-04 00:00:00', '2018-09-06 19:09:38', 'VESSEL TEMP 03', 'http://cdn.ayotrust.com/upload/2018-09-06/442/HANGCHA_07_03.xls'), ('72', 'HANGCHA 01 01 ', 'JAKARTA', null, null, null, null, null, null, null, null, '1', '2018-01-01 00:00:00', '2018-09-07 15:34:59', 'VESSEL TEMP 01', 'http://cdn.ayotrust.com/upload/2018-09-06/574/HANGCHA_01_01.xls'), ('79', 'HANGCHA 05 01', 'JAKARTA', null, null, null, null, null, null, null, null, '1', '2018-05-01 00:00:00', '2018-09-06 19:05:38', 'VESSEL TEMP 01', 'http://cdn.ayotrust.com/upload/2018-09-06/79/HANGCHA_05_01.xls'), ('80', 'HANGCHA 04 01', 'JAKARTA', null, null, null, null, null, null, null, null, '1', '2018-04-02 00:00:00', '2018-09-06 19:04:37', 'VESSEL TEMP 01', 'http://cdn.ayotrust.com/upload/2018-09-06/440/HANGCHA_04_01.xls'), ('81', 'HANGCHA 05 02', 'JAKARTA', null, null, null, null, null, null, null, null, '1', '2018-05-02 00:00:00', '2018-09-07 10:46:51', 'VESSEL TEMP 02', 'http://cdn.ayotrust.com/upload/2018-09-06/272/HANGCHA_05_02.xls'), ('89', 'XCMG_07_01', 'SURABAYA', null, null, null, null, null, null, null, null, '1', '2018-07-02 00:00:00', '2018-09-07 14:48:13', 'VESSEL TEMP 01', 'http://cdn.ayotrust.com/upload/2018-09-07/691/XCMG_07_01.xls'), ('92', 'SHACMAN_04_01', 'SURABAYA', null, null, null, null, null, null, null, null, '1', '2018-04-02 00:00:00', '2018-09-10 10:52:20', 'VESSEL TEMP 01', 'http://cdn.ayotrust.com/upload/2018-09-10/329/SHACMAN_04_01.xls'), ('93', 'SHACMAN_08_01', 'SURABAYA', null, null, null, null, null, null, null, null, '1', '2018-08-01 00:00:00', '2018-09-10 10:53:02', 'VESSEL TEMP 01', 'http://cdn.ayotrust.com/upload/2018-09-10/409/SHACMAN_08_01.xls');
COMMIT;

SET FOREIGN_KEY_CHECKS = 1;
